[     106ms] [INFO] %cDownload the React DevTools for a better development experience: https://react.dev/link/react-devtools font-weight:bold @ http://localhost:3100/_next/static/chunks/node_modules_next_dist_1e8vcs8._.js:776
[     118ms] [LOG] [HMR] connected @ http://localhost:3100/_next/static/chunks/node_modules_next_dist_1e8vcs8._.js:776
[    3375ms] [INFO] %cDownload the React DevTools for a better development experience: https://react.dev/link/react-devtools font-weight:bold @ http://localhost:3100/_next/static/chunks/node_modules_next_dist_1e8vcs8._.js:776
[    3383ms] [LOG] [HMR] connected @ http://localhost:3100/_next/static/chunks/node_modules_next_dist_1e8vcs8._.js:776
[    7491ms] [LOG] [Fast Refresh] rebuilding @ http://localhost:3100/_next/static/chunks/node_modules_next_dist_1e8vcs8._.js:776
[    7537ms] [LOG] [Fast Refresh] done in 4ms @ http://localhost:3100/_next/static/chunks/node_modules_next_dist_1e8vcs8._.js:776
[    7598ms] [LOG] [Fast Refresh] done in 4ms @ http://localhost:3100/_next/static/chunks/node_modules_next_dist_1e8vcs8._.js:776
[    7660ms] [LOG] [Fast Refresh] done in 4ms @ http://localhost:3100/_next/static/chunks/node_modules_next_dist_1e8vcs8._.js:776
[    7723ms] [LOG] [Fast Refresh] done in 4ms @ http://localhost:3100/_next/static/chunks/node_modules_next_dist_1e8vcs8._.js:776
[    7786ms] [LOG] [Fast Refresh] done in 4ms @ http://localhost:3100/_next/static/chunks/node_modules_next_dist_1e8vcs8._.js:776
[    7849ms] [LOG] [Fast Refresh] done in 4ms @ http://localhost:3100/_next/static/chunks/node_modules_next_dist_1e8vcs8._.js:776
[    7910ms] [LOG] [Fast Refresh] done in 4ms @ http://localhost:3100/_next/static/chunks/node_modules_next_dist_1e8vcs8._.js:776
[    7973ms] [LOG] [Fast Refresh] done in 4ms @ http://localhost:3100/_next/static/chunks/node_modules_next_dist_1e8vcs8._.js:776
[    8036ms] [LOG] [Fast Refresh] done in 4ms @ http://localhost:3100/_next/static/chunks/node_modules_next_dist_1e8vcs8._.js:776
[    8085ms] [LOG] [Fast Refresh] done in 4ms @ http://localhost:3100/_next/static/chunks/node_modules_next_dist_1e8vcs8._.js:776
[    8146ms] [LOG] [Fast Refresh] done in 4ms @ http://localhost:3100/_next/static/chunks/node_modules_next_dist_1e8vcs8._.js:776
[    8208ms] [LOG] [Fast Refresh] done in 4ms @ http://localhost:3100/_next/static/chunks/node_modules_next_dist_1e8vcs8._.js:776
[    8272ms] [LOG] [Fast Refresh] done in 4ms @ http://localhost:3100/_next/static/chunks/node_modules_next_dist_1e8vcs8._.js:776
[    8332ms] [LOG] [Fast Refresh] done in 4ms @ http://localhost:3100/_next/static/chunks/node_modules_next_dist_1e8vcs8._.js:776
[    8394ms] [LOG] [Fast Refresh] done in 4ms @ http://localhost:3100/_next/static/chunks/node_modules_next_dist_1e8vcs8._.js:776
[    8455ms] [LOG] [Fast Refresh] done in 4ms @ http://localhost:3100/_next/static/chunks/node_modules_next_dist_1e8vcs8._.js:776
[    8518ms] [LOG] [Fast Refresh] done in 4ms @ http://localhost:3100/_next/static/chunks/node_modules_next_dist_1e8vcs8._.js:776
[    8580ms] [LOG] [Fast Refresh] done in 4ms @ http://localhost:3100/_next/static/chunks/node_modules_next_dist_1e8vcs8._.js:776
[    8644ms] [LOG] [Fast Refresh] done in 4ms @ http://localhost:3100/_next/static/chunks/node_modules_next_dist_1e8vcs8._.js:776
[    8706ms] [LOG] [Fast Refresh] done in 4ms @ http://localhost:3100/_next/static/chunks/node_modules_next_dist_1e8vcs8._.js:776
[    8768ms] [LOG] [Fast Refresh] done in 4ms @ http://localhost:3100/_next/static/chunks/node_modules_next_dist_1e8vcs8._.js:776
[    8831ms] [LOG] [Fast Refresh] done in 4ms @ http://localhost:3100/_next/static/chunks/node_modules_next_dist_1e8vcs8._.js:776
[    8892ms] [LOG] [Fast Refresh] done in 4ms @ http://localhost:3100/_next/static/chunks/node_modules_next_dist_1e8vcs8._.js:776
[    8956ms] [LOG] [Fast Refresh] done in 4ms @ http://localhost:3100/_next/static/chunks/node_modules_next_dist_1e8vcs8._.js:776
[    9018ms] [LOG] [Fast Refresh] done in 4ms @ http://localhost:3100/_next/static/chunks/node_modules_next_dist_1e8vcs8._.js:776
[    9082ms] [LOG] [Fast Refresh] done in 4ms @ http://localhost:3100/_next/static/chunks/node_modules_next_dist_1e8vcs8._.js:776
[    9145ms] [LOG] [Fast Refresh] done in 4ms @ http://localhost:3100/_next/static/chunks/node_modules_next_dist_1e8vcs8._.js:776
[    9207ms] [LOG] [Fast Refresh] done in 4ms @ http://localhost:3100/_next/static/chunks/node_modules_next_dist_1e8vcs8._.js:776
[    9270ms] [LOG] [Fast Refresh] done in 4ms @ http://localhost:3100/_next/static/chunks/node_modules_next_dist_1e8vcs8._.js:776
[    9331ms] [LOG] [Fast Refresh] done in 4ms @ http://localhost:3100/_next/static/chunks/node_modules_next_dist_1e8vcs8._.js:776
[    9393ms] [LOG] [Fast Refresh] done in 4ms @ http://localhost:3100/_next/static/chunks/node_modules_next_dist_1e8vcs8._.js:776
[    9456ms] [LOG] [Fast Refresh] done in 4ms @ http://localhost:3100/_next/static/chunks/node_modules_next_dist_1e8vcs8._.js:776
[    9517ms] [LOG] [Fast Refresh] done in 4ms @ http://localhost:3100/_next/static/chunks/node_modules_next_dist_1e8vcs8._.js:776
[    9579ms] [LOG] [Fast Refresh] done in 4ms @ http://localhost:3100/_next/static/chunks/node_modules_next_dist_1e8vcs8._.js:776
[    9641ms] [LOG] [Fast Refresh] done in 4ms @ http://localhost:3100/_next/static/chunks/node_modules_next_dist_1e8vcs8._.js:776
[    9702ms] [LOG] [Fast Refresh] done in 4ms @ http://localhost:3100/_next/static/chunks/node_modules_next_dist_1e8vcs8._.js:776
[    9766ms] [LOG] [Fast Refresh] done in 4ms @ http://localhost:3100/_next/static/chunks/node_modules_next_dist_1e8vcs8._.js:776
[    9829ms] [LOG] [Fast Refresh] done in 4ms @ http://localhost:3100/_next/static/chunks/node_modules_next_dist_1e8vcs8._.js:776
[    9891ms] [LOG] [Fast Refresh] done in 4ms @ http://localhost:3100/_next/static/chunks/node_modules_next_dist_1e8vcs8._.js:776
[    9955ms] [LOG] [Fast Refresh] done in 4ms @ http://localhost:3100/_next/static/chunks/node_modules_next_dist_1e8vcs8._.js:776
[   10016ms] [LOG] [Fast Refresh] done in 4ms @ http://localhost:3100/_next/static/chunks/node_modules_next_dist_1e8vcs8._.js:776
[   10078ms] [LOG] [Fast Refresh] done in 4ms @ http://localhost:3100/_next/static/chunks/node_modules_next_dist_1e8vcs8._.js:776
[   10141ms] [LOG] [Fast Refresh] done in 4ms @ http://localhost:3100/_next/static/chunks/node_modules_next_dist_1e8vcs8._.js:776
[   10201ms] [LOG] [Fast Refresh] done in 4ms @ http://localhost:3100/_next/static/chunks/node_modules_next_dist_1e8vcs8._.js:776
[   10263ms] [LOG] [Fast Refresh] done in 4ms @ http://localhost:3100/_next/static/chunks/node_modules_next_dist_1e8vcs8._.js:776
[   10326ms] [LOG] [Fast Refresh] done in 4ms @ http://localhost:3100/_next/static/chunks/node_modules_next_dist_1e8vcs8._.js:776
[   10390ms] [LOG] [Fast Refresh] done in 4ms @ http://localhost:3100/_next/static/chunks/node_modules_next_dist_1e8vcs8._.js:776
[   10451ms] [LOG] [Fast Refresh] done in 4ms @ http://localhost:3100/_next/static/chunks/node_modules_next_dist_1e8vcs8._.js:776
[   10513ms] [LOG] [Fast Refresh] done in 4ms @ http://localhost:3100/_next/static/chunks/node_modules_next_dist_1e8vcs8._.js:776
[   10575ms] [LOG] [Fast Refresh] done in 4ms @ http://localhost:3100/_next/static/chunks/node_modules_next_dist_1e8vcs8._.js:776
[   10638ms] [LOG] [Fast Refresh] done in 4ms @ http://localhost:3100/_next/static/chunks/node_modules_next_dist_1e8vcs8._.js:776
[   10698ms] [LOG] [Fast Refresh] done in 4ms @ http://localhost:3100/_next/static/chunks/node_modules_next_dist_1e8vcs8._.js:776
[   10760ms] [LOG] [Fast Refresh] done in 4ms @ http://localhost:3100/_next/static/chunks/node_modules_next_dist_1e8vcs8._.js:776
[   10823ms] [LOG] [Fast Refresh] done in 4ms @ http://localhost:3100/_next/static/chunks/node_modules_next_dist_1e8vcs8._.js:776
[   10885ms] [LOG] [Fast Refresh] done in 4ms @ http://localhost:3100/_next/static/chunks/node_modules_next_dist_1e8vcs8._.js:776
[   10948ms] [LOG] [Fast Refresh] done in 4ms @ http://localhost:3100/_next/static/chunks/node_modules_next_dist_1e8vcs8._.js:776
[   11011ms] [LOG] [Fast Refresh] done in 4ms @ http://localhost:3100/_next/static/chunks/node_modules_next_dist_1e8vcs8._.js:776
[   11071ms] [LOG] [Fast Refresh] done in 4ms @ http://localhost:3100/_next/static/chunks/node_modules_next_dist_1e8vcs8._.js:776
[   11134ms] [LOG] [Fast Refresh] done in 4ms @ http://localhost:3100/_next/static/chunks/node_modules_next_dist_1e8vcs8._.js:776
[   11201ms] [LOG] [Fast Refresh] done in 4ms @ http://localhost:3100/_next/static/chunks/node_modules_next_dist_1e8vcs8._.js:776
[   11259ms] [LOG] [Fast Refresh] done in 4ms @ http://localhost:3100/_next/static/chunks/node_modules_next_dist_1e8vcs8._.js:776
[   11321ms] [LOG] [Fast Refresh] done in 4ms @ http://localhost:3100/_next/static/chunks/node_modules_next_dist_1e8vcs8._.js:776
[   11383ms] [LOG] [Fast Refresh] done in 4ms @ http://localhost:3100/_next/static/chunks/node_modules_next_dist_1e8vcs8._.js:776
[   11445ms] [LOG] [Fast Refresh] done in 4ms @ http://localhost:3100/_next/static/chunks/node_modules_next_dist_1e8vcs8._.js:776
[   11508ms] [LOG] [Fast Refresh] done in 4ms @ http://localhost:3100/_next/static/chunks/node_modules_next_dist_1e8vcs8._.js:776
[   11571ms] [LOG] [Fast Refresh] done in 4ms @ http://localhost:3100/_next/static/chunks/node_modules_next_dist_1e8vcs8._.js:776
[   11633ms] [LOG] [Fast Refresh] done in 4ms @ http://localhost:3100/_next/static/chunks/node_modules_next_dist_1e8vcs8._.js:776
[   11695ms] [LOG] [Fast Refresh] done in 4ms @ http://localhost:3100/_next/static/chunks/node_modules_next_dist_1e8vcs8._.js:776
[   11743ms] [LOG] [Fast Refresh] done in 4ms @ http://localhost:3100/_next/static/chunks/node_modules_next_dist_1e8vcs8._.js:776
[   11806ms] [LOG] [Fast Refresh] done in 4ms @ http://localhost:3100/_next/static/chunks/node_modules_next_dist_1e8vcs8._.js:776
[   11869ms] [LOG] [Fast Refresh] done in 4ms @ http://localhost:3100/_next/static/chunks/node_modules_next_dist_1e8vcs8._.js:776
[   11933ms] [LOG] [Fast Refresh] done in 4ms @ http://localhost:3100/_next/static/chunks/node_modules_next_dist_1e8vcs8._.js:776
[   11994ms] [LOG] [Fast Refresh] done in 4ms @ http://localhost:3100/_next/static/chunks/node_modules_next_dist_1e8vcs8._.js:776
[   12056ms] [LOG] [Fast Refresh] done in 4ms @ http://localhost:3100/_next/static/chunks/node_modules_next_dist_1e8vcs8._.js:776
[   12119ms] [LOG] [Fast Refresh] done in 4ms @ http://localhost:3100/_next/static/chunks/node_modules_next_dist_1e8vcs8._.js:776
[   12182ms] [LOG] [Fast Refresh] done in 4ms @ http://localhost:3100/_next/static/chunks/node_modules_next_dist_1e8vcs8._.js:776
[   12245ms] [LOG] [Fast Refresh] done in 4ms @ http://localhost:3100/_next/static/chunks/node_modules_next_dist_1e8vcs8._.js:776
[   12306ms] [LOG] [Fast Refresh] done in 4ms @ http://localhost:3100/_next/static/chunks/node_modules_next_dist_1e8vcs8._.js:776
[   12368ms] [LOG] [Fast Refresh] done in 4ms @ http://localhost:3100/_next/static/chunks/node_modules_next_dist_1e8vcs8._.js:776
[   12429ms] [LOG] [Fast Refresh] done in 4ms @ http://localhost:3100/_next/static/chunks/node_modules_next_dist_1e8vcs8._.js:776
[   12491ms] [LOG] [Fast Refresh] done in 4ms @ http://localhost:3100/_next/static/chunks/node_modules_next_dist_1e8vcs8._.js:776
[   12554ms] [LOG] [Fast Refresh] done in 4ms @ http://localhost:3100/_next/static/chunks/node_modules_next_dist_1e8vcs8._.js:776
[   12616ms] [LOG] [Fast Refresh] done in 4ms @ http://localhost:3100/_next/static/chunks/node_modules_next_dist_1e8vcs8._.js:776
[   12679ms] [LOG] [Fast Refresh] done in 4ms @ http://localhost:3100/_next/static/chunks/node_modules_next_dist_1e8vcs8._.js:776
[   12743ms] [LOG] [Fast Refresh] done in 4ms @ http://localhost:3100/_next/static/chunks/node_modules_next_dist_1e8vcs8._.js:776
[   12806ms] [LOG] [Fast Refresh] done in 4ms @ http://localhost:3100/_next/static/chunks/node_modules_next_dist_1e8vcs8._.js:776
[   12870ms] [LOG] [Fast Refresh] done in 4ms @ http://localhost:3100/_next/static/chunks/node_modules_next_dist_1e8vcs8._.js:776
[   12931ms] [LOG] [Fast Refresh] done in 4ms @ http://localhost:3100/_next/static/chunks/node_modules_next_dist_1e8vcs8._.js:776
[   12993ms] [LOG] [Fast Refresh] done in 4ms @ http://localhost:3100/_next/static/chunks/node_modules_next_dist_1e8vcs8._.js:776
[   13056ms] [LOG] [Fast Refresh] done in 4ms @ http://localhost:3100/_next/static/chunks/node_modules_next_dist_1e8vcs8._.js:776
[   13119ms] [LOG] [Fast Refresh] done in 4ms @ http://localhost:3100/_next/static/chunks/node_modules_next_dist_1e8vcs8._.js:776
[   13182ms] [LOG] [Fast Refresh] done in 4ms @ http://localhost:3100/_next/static/chunks/node_modules_next_dist_1e8vcs8._.js:776
[   13244ms] [LOG] [Fast Refresh] done in 4ms @ http://localhost:3100/_next/static/chunks/node_modules_next_dist_1e8vcs8._.js:776
[   13307ms] [LOG] [Fast Refresh] done in 4ms @ http://localhost:3100/_next/static/chunks/node_modules_next_dist_1e8vcs8._.js:776
[   13370ms] [LOG] [Fast Refresh] done in 4ms @ http://localhost:3100/_next/static/chunks/node_modules_next_dist_1e8vcs8._.js:776
[   13432ms] [LOG] [Fast Refresh] done in 4ms @ http://localhost:3100/_next/static/chunks/node_modules_next_dist_1e8vcs8._.js:776
[   13494ms] [LOG] [Fast Refresh] done in 4ms @ http://localhost:3100/_next/static/chunks/node_modules_next_dist_1e8vcs8._.js:776
[   13557ms] [LOG] [Fast Refresh] done in 4ms @ http://localhost:3100/_next/static/chunks/node_modules_next_dist_1e8vcs8._.js:776
[   13620ms] [LOG] [Fast Refresh] done in 4ms @ http://localhost:3100/_next/static/chunks/node_modules_next_dist_1e8vcs8._.js:776
[   13682ms] [LOG] [Fast Refresh] done in 4ms @ http://localhost:3100/_next/static/chunks/node_modules_next_dist_1e8vcs8._.js:776
[   13746ms] [LOG] [Fast Refresh] done in 4ms @ http://localhost:3100/_next/static/chunks/node_modules_next_dist_1e8vcs8._.js:776
[   13809ms] [LOG] [Fast Refresh] done in 4ms @ http://localhost:3100/_next/static/chunks/node_modules_next_dist_1e8vcs8._.js:776
[   13873ms] [LOG] [Fast Refresh] done in 4ms @ http://localhost:3100/_next/static/chunks/node_modules_next_dist_1e8vcs8._.js:776
[   13936ms] [LOG] [Fast Refresh] done in 4ms @ http://localhost:3100/_next/static/chunks/node_modules_next_dist_1e8vcs8._.js:776
[   13984ms] [LOG] [Fast Refresh] done in 4ms @ http://localhost:3100/_next/static/chunks/node_modules_next_dist_1e8vcs8._.js:776
[   14046ms] [LOG] [Fast Refresh] done in 4ms @ http://localhost:3100/_next/static/chunks/node_modules_next_dist_1e8vcs8._.js:776
[   14108ms] [LOG] [Fast Refresh] done in 4ms @ http://localhost:3100/_next/static/chunks/node_modules_next_dist_1e8vcs8._.js:776
[   14171ms] [LOG] [Fast Refresh] done in 4ms @ http://localhost:3100/_next/static/chunks/node_modules_next_dist_1e8vcs8._.js:776
[   14233ms] [LOG] [Fast Refresh] done in 4ms @ http://localhost:3100/_next/static/chunks/node_modules_next_dist_1e8vcs8._.js:776
[   14281ms] [LOG] [Fast Refresh] done in 4ms @ http://localhost:3100/_next/static/chunks/node_modules_next_dist_1e8vcs8._.js:776
[   14343ms] [LOG] [Fast Refresh] done in 4ms @ http://localhost:3100/_next/static/chunks/node_modules_next_dist_1e8vcs8._.js:776
[   14391ms] [LOG] [Fast Refresh] done in 4ms @ http://localhost:3100/_next/static/chunks/node_modules_next_dist_1e8vcs8._.js:776
[   14453ms] [LOG] [Fast Refresh] done in 4ms @ http://localhost:3100/_next/static/chunks/node_modules_next_dist_1e8vcs8._.js:776
[   14516ms] [LOG] [Fast Refresh] done in 4ms @ http://localhost:3100/_next/static/chunks/node_modules_next_dist_1e8vcs8._.js:776
[   14579ms] [LOG] [Fast Refresh] done in 4ms @ http://localhost:3100/_next/static/chunks/node_modules_next_dist_1e8vcs8._.js:776
[   14641ms] [LOG] [Fast Refresh] done in 4ms @ http://localhost:3100/_next/static/chunks/node_modules_next_dist_1e8vcs8._.js:776
[   14705ms] [LOG] [Fast Refresh] done in 4ms @ http://localhost:3100/_next/static/chunks/node_modules_next_dist_1e8vcs8._.js:776
[   14769ms] [LOG] [Fast Refresh] done in 4ms @ http://localhost:3100/_next/static/chunks/node_modules_next_dist_1e8vcs8._.js:776
[   14832ms] [LOG] [Fast Refresh] done in 4ms @ http://localhost:3100/_next/static/chunks/node_modules_next_dist_1e8vcs8._.js:776
[   14894ms] [LOG] [Fast Refresh] done in 4ms @ http://localhost:3100/_next/static/chunks/node_modules_next_dist_1e8vcs8._.js:776
[   14942ms] [LOG] [Fast Refresh] done in 4ms @ http://localhost:3100/_next/static/chunks/node_modules_next_dist_1e8vcs8._.js:776
[   15004ms] [LOG] [Fast Refresh] done in 4ms @ http://localhost:3100/_next/static/chunks/node_modules_next_dist_1e8vcs8._.js:776
[   15068ms] [LOG] [Fast Refresh] done in 4ms @ http://localhost:3100/_next/static/chunks/node_modules_next_dist_1e8vcs8._.js:776
[   15116ms] [LOG] [Fast Refresh] done in 4ms @ http://localhost:3100/_next/static/chunks/node_modules_next_dist_1e8vcs8._.js:776
[   15164ms] [LOG] [Fast Refresh] done in 4ms @ http://localhost:3100/_next/static/chunks/node_modules_next_dist_1e8vcs8._.js:776
[   15229ms] [LOG] [Fast Refresh] done in 4ms @ http://localhost:3100/_next/static/chunks/node_modules_next_dist_1e8vcs8._.js:776
[   15289ms] [LOG] [Fast Refresh] done in 4ms @ http://localhost:3100/_next/static/chunks/node_modules_next_dist_1e8vcs8._.js:776
[   15353ms] [LOG] [Fast Refresh] done in 4ms @ http://localhost:3100/_next/static/chunks/node_modules_next_dist_1e8vcs8._.js:776
[   15445ms] [LOG] [Fast Refresh] done in 4ms @ http://localhost:3100/_next/static/chunks/node_modules_next_dist_1e8vcs8._.js:776
[   15507ms] [LOG] [Fast Refresh] done in 4ms @ http://localhost:3100/_next/static/chunks/node_modules_next_dist_1e8vcs8._.js:776
[   15569ms] [LOG] [Fast Refresh] done in 4ms @ http://localhost:3100/_next/static/chunks/node_modules_next_dist_1e8vcs8._.js:776
[   15631ms] [LOG] [Fast Refresh] done in 4ms @ http://localhost:3100/_next/static/chunks/node_modules_next_dist_1e8vcs8._.js:776
[   15694ms] [LOG] [Fast Refresh] done in 4ms @ http://localhost:3100/_next/static/chunks/node_modules_next_dist_1e8vcs8._.js:776
[   15756ms] [LOG] [Fast Refresh] done in 4ms @ http://localhost:3100/_next/static/chunks/node_modules_next_dist_1e8vcs8._.js:776
[   15820ms] [LOG] [Fast Refresh] done in 4ms @ http://localhost:3100/_next/static/chunks/node_modules_next_dist_1e8vcs8._.js:776
[   15882ms] [LOG] [Fast Refresh] done in 4ms @ http://localhost:3100/_next/static/chunks/node_modules_next_dist_1e8vcs8._.js:776
[   15946ms] [LOG] [Fast Refresh] done in 4ms @ http://localhost:3100/_next/static/chunks/node_modules_next_dist_1e8vcs8._.js:776
[   16010ms] [LOG] [Fast Refresh] done in 4ms @ http://localhost:3100/_next/static/chunks/node_modules_next_dist_1e8vcs8._.js:776
[   16073ms] [LOG] [Fast Refresh] done in 4ms @ http://localhost:3100/_next/static/chunks/node_modules_next_dist_1e8vcs8._.js:776
[   16137ms] [LOG] [Fast Refresh] done in 4ms @ http://localhost:3100/_next/static/chunks/node_modules_next_dist_1e8vcs8._.js:776
[   16201ms] [LOG] [Fast Refresh] done in 4ms @ http://localhost:3100/_next/static/chunks/node_modules_next_dist_1e8vcs8._.js:776
[   16263ms] [LOG] [Fast Refresh] done in 4ms @ http://localhost:3100/_next/static/chunks/node_modules_next_dist_1e8vcs8._.js:776
[   16325ms] [LOG] [Fast Refresh] done in 4ms @ http://localhost:3100/_next/static/chunks/node_modules_next_dist_1e8vcs8._.js:776
[   16388ms] [LOG] [Fast Refresh] done in 4ms @ http://localhost:3100/_next/static/chunks/node_modules_next_dist_1e8vcs8._.js:776
[   16451ms] [LOG] [Fast Refresh] done in 4ms @ http://localhost:3100/_next/static/chunks/node_modules_next_dist_1e8vcs8._.js:776
[   16513ms] [LOG] [Fast Refresh] done in 4ms @ http://localhost:3100/_next/static/chunks/node_modules_next_dist_1e8vcs8._.js:776
[   16576ms] [LOG] [Fast Refresh] done in 4ms @ http://localhost:3100/_next/static/chunks/node_modules_next_dist_1e8vcs8._.js:776
[   16640ms] [LOG] [Fast Refresh] done in 4ms @ http://localhost:3100/_next/static/chunks/node_modules_next_dist_1e8vcs8._.js:776
[   16701ms] [LOG] [Fast Refresh] done in 4ms @ http://localhost:3100/_next/static/chunks/node_modules_next_dist_1e8vcs8._.js:776
[   16764ms] [LOG] [Fast Refresh] done in 4ms @ http://localhost:3100/_next/static/chunks/node_modules_next_dist_1e8vcs8._.js:776
[   16828ms] [LOG] [Fast Refresh] done in 4ms @ http://localhost:3100/_next/static/chunks/node_modules_next_dist_1e8vcs8._.js:776
[   16890ms] [LOG] [Fast Refresh] done in 4ms @ http://localhost:3100/_next/static/chunks/node_modules_next_dist_1e8vcs8._.js:776
[   16952ms] [LOG] [Fast Refresh] done in 4ms @ http://localhost:3100/_next/static/chunks/node_modules_next_dist_1e8vcs8._.js:776
[   17015ms] [LOG] [Fast Refresh] done in 4ms @ http://localhost:3100/_next/static/chunks/node_modules_next_dist_1e8vcs8._.js:776
[   17078ms] [LOG] [Fast Refresh] done in 4ms @ http://localhost:3100/_next/static/chunks/node_modules_next_dist_1e8vcs8._.js:776
[   17140ms] [LOG] [Fast Refresh] done in 4ms @ http://localhost:3100/_next/static/chunks/node_modules_next_dist_1e8vcs8._.js:776
[   17203ms] [LOG] [Fast Refresh] done in 4ms @ http://localhost:3100/_next/static/chunks/node_modules_next_dist_1e8vcs8._.js:776
[   17267ms] [LOG] [Fast Refresh] done in 4ms @ http://localhost:3100/_next/static/chunks/node_modules_next_dist_1e8vcs8._.js:776
[   17314ms] [LOG] [Fast Refresh] done in 4ms @ http://localhost:3100/_next/static/chunks/node_modules_next_dist_1e8vcs8._.js:776
[   17362ms] [LOG] [Fast Refresh] done in 4ms @ http://localhost:3100/_next/static/chunks/node_modules_next_dist_1e8vcs8._.js:776
[   17425ms] [LOG] [Fast Refresh] done in 4ms @ http://localhost:3100/_next/static/chunks/node_modules_next_dist_1e8vcs8._.js:776
[   17503ms] [LOG] [Fast Refresh] done in 4ms @ http://localhost:3100/_next/static/chunks/node_modules_next_dist_1e8vcs8._.js:776
[   17551ms] [LOG] [Fast Refresh] done in 4ms @ http://localhost:3100/_next/static/chunks/node_modules_next_dist_1e8vcs8._.js:776
[   17613ms] [LOG] [Fast Refresh] done in 4ms @ http://localhost:3100/_next/static/chunks/node_modules_next_dist_1e8vcs8._.js:776
[   17676ms] [LOG] [Fast Refresh] done in 4ms @ http://localhost:3100/_next/static/chunks/node_modules_next_dist_1e8vcs8._.js:776
[   17739ms] [LOG] [Fast Refresh] done in 4ms @ http://localhost:3100/_next/static/chunks/node_modules_next_dist_1e8vcs8._.js:776
[   17801ms] [LOG] [Fast Refresh] done in 4ms @ http://localhost:3100/_next/static/chunks/node_modules_next_dist_1e8vcs8._.js:776
[   17864ms] [LOG] [Fast Refresh] done in 4ms @ http://localhost:3100/_next/static/chunks/node_modules_next_dist_1e8vcs8._.js:776
[   17926ms] [LOG] [Fast Refresh] done in 4ms @ http://localhost:3100/_next/static/chunks/node_modules_next_dist_1e8vcs8._.js:776
[   17974ms] [LOG] [Fast Refresh] done in 4ms @ http://localhost:3100/_next/static/chunks/node_modules_next_dist_1e8vcs8._.js:776
[   18037ms] [LOG] [Fast Refresh] done in 4ms @ http://localhost:3100/_next/static/chunks/node_modules_next_dist_1e8vcs8._.js:776
[   18099ms] [LOG] [Fast Refresh] done in 4ms @ http://localhost:3100/_next/static/chunks/node_modules_next_dist_1e8vcs8._.js:776
[   18147ms] [LOG] [Fast Refresh] done in 4ms @ http://localhost:3100/_next/static/chunks/node_modules_next_dist_1e8vcs8._.js:776
[   18209ms] [LOG] [Fast Refresh] done in 4ms @ http://localhost:3100/_next/static/chunks/node_modules_next_dist_1e8vcs8._.js:776
[   18271ms] [LOG] [Fast Refresh] done in 4ms @ http://localhost:3100/_next/static/chunks/node_modules_next_dist_1e8vcs8._.js:776
[   18335ms] [LOG] [Fast Refresh] done in 4ms @ http://localhost:3100/_next/static/chunks/node_modules_next_dist_1e8vcs8._.js:776
[   18397ms] [LOG] [Fast Refresh] done in 4ms @ http://localhost:3100/_next/static/chunks/node_modules_next_dist_1e8vcs8._.js:776
[   18459ms] [LOG] [Fast Refresh] done in 4ms @ http://localhost:3100/_next/static/chunks/node_modules_next_dist_1e8vcs8._.js:776
[   18522ms] [LOG] [Fast Refresh] done in 4ms @ http://localhost:3100/_next/static/chunks/node_modules_next_dist_1e8vcs8._.js:776
[   18584ms] [LOG] [Fast Refresh] done in 4ms @ http://localhost:3100/_next/static/chunks/node_modules_next_dist_1e8vcs8._.js:776
[   18646ms] [LOG] [Fast Refresh] done in 4ms @ http://localhost:3100/_next/static/chunks/node_modules_next_dist_1e8vcs8._.js:776
[   18708ms] [LOG] [Fast Refresh] done in 4ms @ http://localhost:3100/_next/static/chunks/node_modules_next_dist_1e8vcs8._.js:776
[   18757ms] [LOG] [Fast Refresh] done in 4ms @ http://localhost:3100/_next/static/chunks/node_modules_next_dist_1e8vcs8._.js:776
[   18819ms] [LOG] [Fast Refresh] done in 4ms @ http://localhost:3100/_next/static/chunks/node_modules_next_dist_1e8vcs8._.js:776
[   18882ms] [LOG] [Fast Refresh] done in 4ms @ http://localhost:3100/_next/static/chunks/node_modules_next_dist_1e8vcs8._.js:776
[   18930ms] [LOG] [Fast Refresh] done in 4ms @ http://localhost:3100/_next/static/chunks/node_modules_next_dist_1e8vcs8._.js:776
[   18978ms] [LOG] [Fast Refresh] done in 4ms @ http://localhost:3100/_next/static/chunks/node_modules_next_dist_1e8vcs8._.js:776
[   19026ms] [LOG] [Fast Refresh] done in 4ms @ http://localhost:3100/_next/static/chunks/node_modules_next_dist_1e8vcs8._.js:776
[   19089ms] [LOG] [Fast Refresh] done in 4ms @ http://localhost:3100/_next/static/chunks/node_modules_next_dist_1e8vcs8._.js:776
[   19152ms] [LOG] [Fast Refresh] done in 4ms @ http://localhost:3100/_next/static/chunks/node_modules_next_dist_1e8vcs8._.js:776
[   19215ms] [LOG] [Fast Refresh] done in 4ms @ http://localhost:3100/_next/static/chunks/node_modules_next_dist_1e8vcs8._.js:776
[   19263ms] [LOG] [Fast Refresh] done in 4ms @ http://localhost:3100/_next/static/chunks/node_modules_next_dist_1e8vcs8._.js:776
[   19325ms] [LOG] [Fast Refresh] done in 4ms @ http://localhost:3100/_next/static/chunks/node_modules_next_dist_1e8vcs8._.js:776
[   19387ms] [LOG] [Fast Refresh] done in 4ms @ http://localhost:3100/_next/static/chunks/node_modules_next_dist_1e8vcs8._.js:776
[   19448ms] [LOG] [Fast Refresh] done in 4ms @ http://localhost:3100/_next/static/chunks/node_modules_next_dist_1e8vcs8._.js:776
[   19511ms] [LOG] [Fast Refresh] done in 4ms @ http://localhost:3100/_next/static/chunks/node_modules_next_dist_1e8vcs8._.js:776
[   19575ms] [LOG] [Fast Refresh] done in 4ms @ http://localhost:3100/_next/static/chunks/node_modules_next_dist_1e8vcs8._.js:776
[   19638ms] [LOG] [Fast Refresh] done in 4ms @ http://localhost:3100/_next/static/chunks/node_modules_next_dist_1e8vcs8._.js:776
[   19701ms] [LOG] [Fast Refresh] done in 4ms @ http://localhost:3100/_next/static/chunks/node_modules_next_dist_1e8vcs8._.js:776
[   19764ms] [LOG] [Fast Refresh] done in 4ms @ http://localhost:3100/_next/static/chunks/node_modules_next_dist_1e8vcs8._.js:776
[   19811ms] [LOG] [Fast Refresh] done in 4ms @ http://localhost:3100/_next/static/chunks/node_modules_next_dist_1e8vcs8._.js:776
[   19873ms] [LOG] [Fast Refresh] done in 4ms @ http://localhost:3100/_next/static/chunks/node_modules_next_dist_1e8vcs8._.js:776
[   19920ms] [LOG] [Fast Refresh] done in 4ms @ http://localhost:3100/_next/static/chunks/node_modules_next_dist_1e8vcs8._.js:776
[   19983ms] [LOG] [Fast Refresh] done in 4ms @ http://localhost:3100/_next/static/chunks/node_modules_next_dist_1e8vcs8._.js:776
[   20046ms] [LOG] [Fast Refresh] done in 4ms @ http://localhost:3100/_next/static/chunks/node_modules_next_dist_1e8vcs8._.js:776
[   20108ms] [LOG] [Fast Refresh] done in 4ms @ http://localhost:3100/_next/static/chunks/node_modules_next_dist_1e8vcs8._.js:776
[   20172ms] [LOG] [Fast Refresh] done in 4ms @ http://localhost:3100/_next/static/chunks/node_modules_next_dist_1e8vcs8._.js:776
[   20234ms] [LOG] [Fast Refresh] done in 4ms @ http://localhost:3100/_next/static/chunks/node_modules_next_dist_1e8vcs8._.js:776
[   20297ms] [LOG] [Fast Refresh] done in 4ms @ http://localhost:3100/_next/static/chunks/node_modules_next_dist_1e8vcs8._.js:776
[   20390ms] [INFO] %cDownload the React DevTools for a better development experience: https://react.dev/link/react-devtools font-weight:bold @ http://localhost:3100/_next/static/chunks/node_modules_next_dist_1e8vcs8._.js:776
[   20404ms] [LOG] [HMR] connected @ http://localhost:3100/_next/static/chunks/node_modules_next_dist_1e8vcs8._.js:776
[  198973ms] [LOG] [Fast Refresh] rebuilding @ http://localhost:3100/_next/static/chunks/node_modules_next_dist_1e8vcs8._.js:776
[  199067ms] [LOG] [Fast Refresh] done in 5ms @ http://localhost:3100/_next/static/chunks/node_modules_next_dist_1e8vcs8._.js:776
[  199179ms] [LOG] [Fast Refresh] done in 5ms @ http://localhost:3100/_next/static/chunks/node_modules_next_dist_1e8vcs8._.js:776
[  199242ms] [LOG] [Fast Refresh] done in 5ms @ http://localhost:3100/_next/static/chunks/node_modules_next_dist_1e8vcs8._.js:776
[  199304ms] [LOG] [Fast Refresh] done in 5ms @ http://localhost:3100/_next/static/chunks/node_modules_next_dist_1e8vcs8._.js:776
[  199367ms] [LOG] [Fast Refresh] done in 5ms @ http://localhost:3100/_next/static/chunks/node_modules_next_dist_1e8vcs8._.js:776
[  199429ms] [LOG] [Fast Refresh] done in 5ms @ http://localhost:3100/_next/static/chunks/node_modules_next_dist_1e8vcs8._.js:776
[  199491ms] [LOG] [Fast Refresh] done in 5ms @ http://localhost:3100/_next/static/chunks/node_modules_next_dist_1e8vcs8._.js:776
[  199540ms] [LOG] [Fast Refresh] done in 5ms @ http://localhost:3100/_next/static/chunks/node_modules_next_dist_1e8vcs8._.js:776
[  199600ms] [LOG] [Fast Refresh] done in 5ms @ http://localhost:3100/_next/static/chunks/node_modules_next_dist_1e8vcs8._.js:776
[  199648ms] [LOG] [Fast Refresh] done in 5ms @ http://localhost:3100/_next/static/chunks/node_modules_next_dist_1e8vcs8._.js:776
[  199709ms] [LOG] [Fast Refresh] done in 5ms @ http://localhost:3100/_next/static/chunks/node_modules_next_dist_1e8vcs8._.js:776
[  199772ms] [LOG] [Fast Refresh] done in 5ms @ http://localhost:3100/_next/static/chunks/node_modules_next_dist_1e8vcs8._.js:776
[  199834ms] [LOG] [Fast Refresh] done in 5ms @ http://localhost:3100/_next/static/chunks/node_modules_next_dist_1e8vcs8._.js:776
[  199897ms] [LOG] [Fast Refresh] done in 5ms @ http://localhost:3100/_next/static/chunks/node_modules_next_dist_1e8vcs8._.js:776
[  199979ms] [LOG] [Fast Refresh] done in 5ms @ http://localhost:3100/_next/static/chunks/node_modules_next_dist_1e8vcs8._.js:776
[  200037ms] [LOG] [Fast Refresh] done in 5ms @ http://localhost:3100/_next/static/chunks/node_modules_next_dist_1e8vcs8._.js:776
[  200129ms] [LOG] [Fast Refresh] done in 5ms @ http://localhost:3100/_next/static/chunks/node_modules_next_dist_1e8vcs8._.js:776
[  200161ms] [LOG] [Fast Refresh] done in 5ms @ http://localhost:3100/_next/static/chunks/node_modules_next_dist_1e8vcs8._.js:776
[  200238ms] [LOG] [Fast Refresh] done in 5ms @ http://localhost:3100/_next/static/chunks/node_modules_next_dist_1e8vcs8._.js:776
[  200301ms] [LOG] [Fast Refresh] done in 5ms @ http://localhost:3100/_next/static/chunks/node_modules_next_dist_1e8vcs8._.js:776
[  200364ms] [LOG] [Fast Refresh] done in 5ms @ http://localhost:3100/_next/static/chunks/node_modules_next_dist_1e8vcs8._.js:776
[  200425ms] [LOG] [Fast Refresh] done in 5ms @ http://localhost:3100/_next/static/chunks/node_modules_next_dist_1e8vcs8._.js:776
[  200489ms] [LOG] [Fast Refresh] done in 5ms @ http://localhost:3100/_next/static/chunks/node_modules_next_dist_1e8vcs8._.js:776
[  200552ms] [LOG] [Fast Refresh] done in 5ms @ http://localhost:3100/_next/static/chunks/node_modules_next_dist_1e8vcs8._.js:776
[  200613ms] [LOG] [Fast Refresh] done in 5ms @ http://localhost:3100/_next/static/chunks/node_modules_next_dist_1e8vcs8._.js:776
[  200675ms] [LOG] [Fast Refresh] done in 5ms @ http://localhost:3100/_next/static/chunks/node_modules_next_dist_1e8vcs8._.js:776
[  200738ms] [LOG] [Fast Refresh] done in 5ms @ http://localhost:3100/_next/static/chunks/node_modules_next_dist_1e8vcs8._.js:776
[  200800ms] [LOG] [Fast Refresh] done in 5ms @ http://localhost:3100/_next/static/chunks/node_modules_next_dist_1e8vcs8._.js:776
[  200863ms] [LOG] [Fast Refresh] done in 5ms @ http://localhost:3100/_next/static/chunks/node_modules_next_dist_1e8vcs8._.js:776
[  200926ms] [LOG] [Fast Refresh] done in 5ms @ http://localhost:3100/_next/static/chunks/node_modules_next_dist_1e8vcs8._.js:776
[  200990ms] [LOG] [Fast Refresh] done in 5ms @ http://localhost:3100/_next/static/chunks/node_modules_next_dist_1e8vcs8._.js:776
[  201052ms] [LOG] [Fast Refresh] done in 5ms @ http://localhost:3100/_next/static/chunks/node_modules_next_dist_1e8vcs8._.js:776
[  201115ms] [LOG] [Fast Refresh] done in 5ms @ http://localhost:3100/_next/static/chunks/node_modules_next_dist_1e8vcs8._.js:776
[  201178ms] [LOG] [Fast Refresh] done in 5ms @ http://localhost:3100/_next/static/chunks/node_modules_next_dist_1e8vcs8._.js:776
[  201241ms] [LOG] [Fast Refresh] done in 5ms @ http://localhost:3100/_next/static/chunks/node_modules_next_dist_1e8vcs8._.js:776
[  201304ms] [LOG] [Fast Refresh] done in 5ms @ http://localhost:3100/_next/static/chunks/node_modules_next_dist_1e8vcs8._.js:776
[  201367ms] [LOG] [Fast Refresh] done in 5ms @ http://localhost:3100/_next/static/chunks/node_modules_next_dist_1e8vcs8._.js:776
[  201432ms] [LOG] [Fast Refresh] done in 5ms @ http://localhost:3100/_next/static/chunks/node_modules_next_dist_1e8vcs8._.js:776
[  201494ms] [LOG] [Fast Refresh] done in 5ms @ http://localhost:3100/_next/static/chunks/node_modules_next_dist_1e8vcs8._.js:776
[  201557ms] [LOG] [Fast Refresh] done in 5ms @ http://localhost:3100/_next/static/chunks/node_modules_next_dist_1e8vcs8._.js:776
[  201617ms] [LOG] [Fast Refresh] done in 5ms @ http://localhost:3100/_next/static/chunks/node_modules_next_dist_1e8vcs8._.js:776
[  201681ms] [LOG] [Fast Refresh] done in 5ms @ http://localhost:3100/_next/static/chunks/node_modules_next_dist_1e8vcs8._.js:776
[  201742ms] [LOG] [Fast Refresh] done in 5ms @ http://localhost:3100/_next/static/chunks/node_modules_next_dist_1e8vcs8._.js:776
[  201804ms] [LOG] [Fast Refresh] done in 5ms @ http://localhost:3100/_next/static/chunks/node_modules_next_dist_1e8vcs8._.js:776
[  201868ms] [LOG] [Fast Refresh] done in 5ms @ http://localhost:3100/_next/static/chunks/node_modules_next_dist_1e8vcs8._.js:776
[  201932ms] [LOG] [Fast Refresh] done in 5ms @ http://localhost:3100/_next/static/chunks/node_modules_next_dist_1e8vcs8._.js:776
[  201993ms] [LOG] [Fast Refresh] done in 5ms @ http://localhost:3100/_next/static/chunks/node_modules_next_dist_1e8vcs8._.js:776
[  202056ms] [LOG] [Fast Refresh] done in 5ms @ http://localhost:3100/_next/static/chunks/node_modules_next_dist_1e8vcs8._.js:776
[  202118ms] [LOG] [Fast Refresh] done in 5ms @ http://localhost:3100/_next/static/chunks/node_modules_next_dist_1e8vcs8._.js:776
[  202180ms] [LOG] [Fast Refresh] done in 5ms @ http://localhost:3100/_next/static/chunks/node_modules_next_dist_1e8vcs8._.js:776
[  202241ms] [LOG] [Fast Refresh] done in 5ms @ http://localhost:3100/_next/static/chunks/node_modules_next_dist_1e8vcs8._.js:776
[  202304ms] [LOG] [Fast Refresh] done in 5ms @ http://localhost:3100/_next/static/chunks/node_modules_next_dist_1e8vcs8._.js:776
[  202366ms] [LOG] [Fast Refresh] done in 5ms @ http://localhost:3100/_next/static/chunks/node_modules_next_dist_1e8vcs8._.js:776
[  202429ms] [LOG] [Fast Refresh] done in 5ms @ http://localhost:3100/_next/static/chunks/node_modules_next_dist_1e8vcs8._.js:776
[  202492ms] [LOG] [Fast Refresh] done in 5ms @ http://localhost:3100/_next/static/chunks/node_modules_next_dist_1e8vcs8._.js:776
[  202554ms] [LOG] [Fast Refresh] done in 5ms @ http://localhost:3100/_next/static/chunks/node_modules_next_dist_1e8vcs8._.js:776
[  202616ms] [LOG] [Fast Refresh] done in 5ms @ http://localhost:3100/_next/static/chunks/node_modules_next_dist_1e8vcs8._.js:776
[  202678ms] [LOG] [Fast Refresh] done in 5ms @ http://localhost:3100/_next/static/chunks/node_modules_next_dist_1e8vcs8._.js:776
[  202742ms] [LOG] [Fast Refresh] done in 5ms @ http://localhost:3100/_next/static/chunks/node_modules_next_dist_1e8vcs8._.js:776
[  202803ms] [LOG] [Fast Refresh] done in 5ms @ http://localhost:3100/_next/static/chunks/node_modules_next_dist_1e8vcs8._.js:776
[  202866ms] [LOG] [Fast Refresh] done in 5ms @ http://localhost:3100/_next/static/chunks/node_modules_next_dist_1e8vcs8._.js:776
[  202929ms] [LOG] [Fast Refresh] done in 5ms @ http://localhost:3100/_next/static/chunks/node_modules_next_dist_1e8vcs8._.js:776
[  202992ms] [LOG] [Fast Refresh] done in 5ms @ http://localhost:3100/_next/static/chunks/node_modules_next_dist_1e8vcs8._.js:776
[  203053ms] [LOG] [Fast Refresh] done in 5ms @ http://localhost:3100/_next/static/chunks/node_modules_next_dist_1e8vcs8._.js:776
[  203116ms] [LOG] [Fast Refresh] done in 5ms @ http://localhost:3100/_next/static/chunks/node_modules_next_dist_1e8vcs8._.js:776
[  203177ms] [LOG] [Fast Refresh] done in 5ms @ http://localhost:3100/_next/static/chunks/node_modules_next_dist_1e8vcs8._.js:776
[  203241ms] [LOG] [Fast Refresh] done in 5ms @ http://localhost:3100/_next/static/chunks/node_modules_next_dist_1e8vcs8._.js:776
[  203303ms] [LOG] [Fast Refresh] done in 5ms @ http://localhost:3100/_next/static/chunks/node_modules_next_dist_1e8vcs8._.js:776
[  203365ms] [LOG] [Fast Refresh] done in 5ms @ http://localhost:3100/_next/static/chunks/node_modules_next_dist_1e8vcs8._.js:776
[  203427ms] [LOG] [Fast Refresh] done in 5ms @ http://localhost:3100/_next/static/chunks/node_modules_next_dist_1e8vcs8._.js:776
[  203491ms] [LOG] [Fast Refresh] done in 5ms @ http://localhost:3100/_next/static/chunks/node_modules_next_dist_1e8vcs8._.js:776
[  203553ms] [LOG] [Fast Refresh] done in 5ms @ http://localhost:3100/_next/static/chunks/node_modules_next_dist_1e8vcs8._.js:776
[  203615ms] [LOG] [Fast Refresh] done in 5ms @ http://localhost:3100/_next/static/chunks/node_modules_next_dist_1e8vcs8._.js:776
[  203678ms] [LOG] [Fast Refresh] done in 5ms @ http://localhost:3100/_next/static/chunks/node_modules_next_dist_1e8vcs8._.js:776
[  203740ms] [LOG] [Fast Refresh] done in 5ms @ http://localhost:3100/_next/static/chunks/node_modules_next_dist_1e8vcs8._.js:776
[  203801ms] [LOG] [Fast Refresh] done in 5ms @ http://localhost:3100/_next/static/chunks/node_modules_next_dist_1e8vcs8._.js:776
[  203865ms] [LOG] [Fast Refresh] done in 5ms @ http://localhost:3100/_next/static/chunks/node_modules_next_dist_1e8vcs8._.js:776
[  203927ms] [LOG] [Fast Refresh] done in 5ms @ http://localhost:3100/_next/static/chunks/node_modules_next_dist_1e8vcs8._.js:776
[  203990ms] [LOG] [Fast Refresh] done in 5ms @ http://localhost:3100/_next/static/chunks/node_modules_next_dist_1e8vcs8._.js:776
[  204053ms] [LOG] [Fast Refresh] done in 5ms @ http://localhost:3100/_next/static/chunks/node_modules_next_dist_1e8vcs8._.js:776
[  204115ms] [LOG] [Fast Refresh] done in 5ms @ http://localhost:3100/_next/static/chunks/node_modules_next_dist_1e8vcs8._.js:776
[  204178ms] [LOG] [Fast Refresh] done in 5ms @ http://localhost:3100/_next/static/chunks/node_modules_next_dist_1e8vcs8._.js:776
[  204240ms] [LOG] [Fast Refresh] done in 5ms @ http://localhost:3100/_next/static/chunks/node_modules_next_dist_1e8vcs8._.js:776
[  204303ms] [LOG] [Fast Refresh] done in 5ms @ http://localhost:3100/_next/static/chunks/node_modules_next_dist_1e8vcs8._.js:776
[  204367ms] [LOG] [Fast Refresh] done in 5ms @ http://localhost:3100/_next/static/chunks/node_modules_next_dist_1e8vcs8._.js:776
[  204427ms] [LOG] [Fast Refresh] done in 5ms @ http://localhost:3100/_next/static/chunks/node_modules_next_dist_1e8vcs8._.js:776
[  204492ms] [LOG] [Fast Refresh] done in 5ms @ http://localhost:3100/_next/static/chunks/node_modules_next_dist_1e8vcs8._.js:776
[  204552ms] [LOG] [Fast Refresh] done in 5ms @ http://localhost:3100/_next/static/chunks/node_modules_next_dist_1e8vcs8._.js:776
[  204614ms] [LOG] [Fast Refresh] done in 5ms @ http://localhost:3100/_next/static/chunks/node_modules_next_dist_1e8vcs8._.js:776
[  204679ms] [LOG] [Fast Refresh] done in 5ms @ http://localhost:3100/_next/static/chunks/node_modules_next_dist_1e8vcs8._.js:776
[  204739ms] [LOG] [Fast Refresh] done in 5ms @ http://localhost:3100/_next/static/chunks/node_modules_next_dist_1e8vcs8._.js:776
[  204802ms] [LOG] [Fast Refresh] done in 5ms @ http://localhost:3100/_next/static/chunks/node_modules_next_dist_1e8vcs8._.js:776
[  204864ms] [LOG] [Fast Refresh] done in 5ms @ http://localhost:3100/_next/static/chunks/node_modules_next_dist_1e8vcs8._.js:776
[  204925ms] [LOG] [Fast Refresh] done in 5ms @ http://localhost:3100/_next/static/chunks/node_modules_next_dist_1e8vcs8._.js:776
[  204989ms] [LOG] [Fast Refresh] done in 5ms @ http://localhost:3100/_next/static/chunks/node_modules_next_dist_1e8vcs8._.js:776
[  205050ms] [LOG] [Fast Refresh] done in 5ms @ http://localhost:3100/_next/static/chunks/node_modules_next_dist_1e8vcs8._.js:776
[  205113ms] [LOG] [Fast Refresh] done in 5ms @ http://localhost:3100/_next/static/chunks/node_modules_next_dist_1e8vcs8._.js:776
[  205176ms] [LOG] [Fast Refresh] done in 5ms @ http://localhost:3100/_next/static/chunks/node_modules_next_dist_1e8vcs8._.js:776
[  205238ms] [LOG] [Fast Refresh] done in 5ms @ http://localhost:3100/_next/static/chunks/node_modules_next_dist_1e8vcs8._.js:776
[  205301ms] [LOG] [Fast Refresh] done in 5ms @ http://localhost:3100/_next/static/chunks/node_modules_next_dist_1e8vcs8._.js:776
[  205363ms] [LOG] [Fast Refresh] done in 5ms @ http://localhost:3100/_next/static/chunks/node_modules_next_dist_1e8vcs8._.js:776
[  205426ms] [LOG] [Fast Refresh] done in 5ms @ http://localhost:3100/_next/static/chunks/node_modules_next_dist_1e8vcs8._.js:776
[  205487ms] [LOG] [Fast Refresh] done in 5ms @ http://localhost:3100/_next/static/chunks/node_modules_next_dist_1e8vcs8._.js:776
[  205549ms] [LOG] [Fast Refresh] done in 5ms @ http://localhost:3100/_next/static/chunks/node_modules_next_dist_1e8vcs8._.js:776
[  205613ms] [LOG] [Fast Refresh] done in 5ms @ http://localhost:3100/_next/static/chunks/node_modules_next_dist_1e8vcs8._.js:776
[  205675ms] [LOG] [Fast Refresh] done in 5ms @ http://localhost:3100/_next/static/chunks/node_modules_next_dist_1e8vcs8._.js:776
[  205739ms] [LOG] [Fast Refresh] done in 5ms @ http://localhost:3100/_next/static/chunks/node_modules_next_dist_1e8vcs8._.js:776
[  205801ms] [LOG] [Fast Refresh] done in 5ms @ http://localhost:3100/_next/static/chunks/node_modules_next_dist_1e8vcs8._.js:776
[  205864ms] [LOG] [Fast Refresh] done in 5ms @ http://localhost:3100/_next/static/chunks/node_modules_next_dist_1e8vcs8._.js:776
[  205926ms] [LOG] [Fast Refresh] done in 5ms @ http://localhost:3100/_next/static/chunks/node_modules_next_dist_1e8vcs8._.js:776
[  205988ms] [LOG] [Fast Refresh] done in 5ms @ http://localhost:3100/_next/static/chunks/node_modules_next_dist_1e8vcs8._.js:776
[  206048ms] [LOG] [Fast Refresh] done in 5ms @ http://localhost:3100/_next/static/chunks/node_modules_next_dist_1e8vcs8._.js:776
[  206111ms] [LOG] [Fast Refresh] done in 5ms @ http://localhost:3100/_next/static/chunks/node_modules_next_dist_1e8vcs8._.js:776
[  206172ms] [LOG] [Fast Refresh] done in 5ms @ http://localhost:3100/_next/static/chunks/node_modules_next_dist_1e8vcs8._.js:776
[  206235ms] [LOG] [Fast Refresh] done in 5ms @ http://localhost:3100/_next/static/chunks/node_modules_next_dist_1e8vcs8._.js:776
[  206287ms] [LOG] [Fast Refresh] done in 5ms @ http://localhost:3100/_next/static/chunks/node_modules_next_dist_1e8vcs8._.js:776
[  206346ms] [LOG] [Fast Refresh] done in 5ms @ http://localhost:3100/_next/static/chunks/node_modules_next_dist_1e8vcs8._.js:776
[  206408ms] [LOG] [Fast Refresh] done in 5ms @ http://localhost:3100/_next/static/chunks/node_modules_next_dist_1e8vcs8._.js:776
[  206469ms] [LOG] [Fast Refresh] done in 5ms @ http://localhost:3100/_next/static/chunks/node_modules_next_dist_1e8vcs8._.js:776
[  206534ms] [LOG] [Fast Refresh] done in 5ms @ http://localhost:3100/_next/static/chunks/node_modules_next_dist_1e8vcs8._.js:776
[  206595ms] [LOG] [Fast Refresh] done in 5ms @ http://localhost:3100/_next/static/chunks/node_modules_next_dist_1e8vcs8._.js:776
[  206657ms] [LOG] [Fast Refresh] done in 5ms @ http://localhost:3100/_next/static/chunks/node_modules_next_dist_1e8vcs8._.js:776
[  206720ms] [LOG] [Fast Refresh] done in 5ms @ http://localhost:3100/_next/static/chunks/node_modules_next_dist_1e8vcs8._.js:776
[  206781ms] [LOG] [Fast Refresh] done in 5ms @ http://localhost:3100/_next/static/chunks/node_modules_next_dist_1e8vcs8._.js:776
[  206843ms] [LOG] [Fast Refresh] done in 5ms @ http://localhost:3100/_next/static/chunks/node_modules_next_dist_1e8vcs8._.js:776
[  206903ms] [LOG] [Fast Refresh] done in 5ms @ http://localhost:3100/_next/static/chunks/node_modules_next_dist_1e8vcs8._.js:776
[  206966ms] [LOG] [Fast Refresh] done in 5ms @ http://localhost:3100/_next/static/chunks/node_modules_next_dist_1e8vcs8._.js:776
[  207029ms] [LOG] [Fast Refresh] done in 5ms @ http://localhost:3100/_next/static/chunks/node_modules_next_dist_1e8vcs8._.js:776
[  207093ms] [LOG] [Fast Refresh] done in 5ms @ http://localhost:3100/_next/static/chunks/node_modules_next_dist_1e8vcs8._.js:776
[  207156ms] [LOG] [Fast Refresh] done in 5ms @ http://localhost:3100/_next/static/chunks/node_modules_next_dist_1e8vcs8._.js:776
[  207218ms] [LOG] [Fast Refresh] done in 5ms @ http://localhost:3100/_next/static/chunks/node_modules_next_dist_1e8vcs8._.js:776
[  207280ms] [LOG] [Fast Refresh] done in 5ms @ http://localhost:3100/_next/static/chunks/node_modules_next_dist_1e8vcs8._.js:776
[  207344ms] [LOG] [Fast Refresh] done in 5ms @ http://localhost:3100/_next/static/chunks/node_modules_next_dist_1e8vcs8._.js:776
[  207486ms] [ERROR] ./src/components/shell/search-command.tsx:255:23
Error: Expected '</', got 'jsx text'
  253 |           </CommandList>
  254 |         </Command>
> 255 |       </CommandDialog>
      |                       ^^^^^^^^^^^^^^^^^^^^^^^^^^^^^^^^^^^^^^^^^^^^^^^^^^^^^^^^^^^^^^^^^^^^^^
> 256 |     </>
      | ^^^^
  257 |   );
  258 | }
  259 |

Parsing ecmascript source code failed

Import trace:
  Server Component:
    ./src/components/shell/search-command.tsx
    ./src/components/shell/top-bar.tsx
    ./src/app/[locale]/(app)/layout.tsx @ http://localhost:3100/_next/static/chunks/node_modules_next_dist_1e8vcs8._.js:1052
[  207527ms] [LOG] [Fast Refresh] rebuilding @ http://localhost:3100/_next/static/chunks/node_modules_next_dist_1e8vcs8._.js:776
[  207595ms] [ERROR] ./src/components/shell/search-command.tsx:255:23
Error: Expected '</', got 'jsx text'
  253 |           </CommandList>
  254 |         </Command>
> 255 |       </CommandDialog>
      |                       ^^^^^^^^^^^^^^^^^^^^^^^^^^^^^^^^^^^^^^^^^^^^^^^^^^^^^^^^^^^^^^^^^^^^^^
> 256 |     </>
      | ^^^^
  257 |   );
  258 | }
  259 |

Parsing ecmascript source code failed

Import trace:
  Server Component:
    ./src/components/shell/search-command.tsx
    ./src/components/shell/top-bar.tsx
    ./src/app/[locale]/(app)/layout.tsx @ http://localhost:3100/_next/static/chunks/node_modules_next_dist_1e8vcs8._.js:1052
[  207657ms] [ERROR] ./src/components/shell/search-command.tsx:255:23
Error: Expected '</', got 'jsx text'
  253 |           </CommandList>
  254 |         </Command>
> 255 |       </CommandDialog>
      |                       ^^^^^^^^^^^^^^^^^^^^^^^^^^^^^^^^^^^^^^^^^^^^^^^^^^^^^^^^^^^^^^^^^^^^^^
> 256 |     </>
      | ^^^^
  257 |   );
  258 | }
  259 |

Parsing ecmascript source code failed

Import trace:
  Server Component:
    ./src/components/shell/search-command.tsx
    ./src/components/shell/top-bar.tsx
    ./src/app/[locale]/(app)/layout.tsx @ http://localhost:3100/_next/static/chunks/node_modules_next_dist_1e8vcs8._.js:1052
[  207703ms] [LOG] [Fast Refresh] rebuilding @ http://localhost:3100/_next/static/chunks/node_modules_next_dist_1e8vcs8._.js:776
[  207719ms] [ERROR] ./src/components/shell/search-command.tsx:255:23
Error: Expected '</', got 'jsx text'
  253 |           </CommandList>
  254 |         </Command>
> 255 |       </CommandDialog>
      |                       ^^^^^^^^^^^^^^^^^^^^^^^^^^^^^^^^^^^^^^^^^^^^^^^^^^^^^^^^^^^^^^^^^^^^^^
> 256 |     </>
      | ^^^^
  257 |   );
  258 | }
  259 |

Parsing ecmascript source code failed

Import trace:
  Server Component:
    ./src/components/shell/search-command.tsx
    ./src/components/shell/top-bar.tsx
    ./src/app/[locale]/(app)/layout.tsx @ http://localhost:3100/_next/static/chunks/node_modules_next_dist_1e8vcs8._.js:1052
[  207783ms] [ERROR] ./src/components/shell/search-command.tsx:255:23
Error: Expected '</', got 'jsx text'
  253 |           </CommandList>
  254 |         </Command>
> 255 |       </CommandDialog>
      |                       ^^^^^^^^^^^^^^^^^^^^^^^^^^^^^^^^^^^^^^^^^^^^^^^^^^^^^^^^^^^^^^^^^^^^^^
> 256 |     </>
      | ^^^^
  257 |   );
  258 | }
  259 |

Parsing ecmascript source code failed

Import trace:
  Server Component:
    ./src/components/shell/search-command.tsx
    ./src/components/shell/top-bar.tsx
    ./src/app/[locale]/(app)/layout.tsx @ http://localhost:3100/_next/static/chunks/node_modules_next_dist_1e8vcs8._.js:1052
[  207845ms] [ERROR] ./src/components/shell/search-command.tsx:255:23
Error: Expected '</', got 'jsx text'
  253 |           </CommandList>
  254 |         </Command>
> 255 |       </CommandDialog>
      |                       ^^^^^^^^^^^^^^^^^^^^^^^^^^^^^^^^^^^^^^^^^^^^^^^^^^^^^^^^^^^^^^^^^^^^^^
> 256 |     </>
      | ^^^^
  257 |   );
  258 | }
  259 |

Parsing ecmascript source code failed

Import trace:
  Server Component:
    ./src/components/shell/search-command.tsx
    ./src/components/shell/top-bar.tsx
    ./src/app/[locale]/(app)/layout.tsx @ http://localhost:3100/_next/static/chunks/node_modules_next_dist_1e8vcs8._.js:1052
[  207908ms] [ERROR] ./src/components/shell/search-command.tsx:255:23
Error: Expected '</', got 'jsx text'
  253 |           </CommandList>
  254 |         </Command>
> 255 |       </CommandDialog>
      |                       ^^^^^^^^^^^^^^^^^^^^^^^^^^^^^^^^^^^^^^^^^^^^^^^^^^^^^^^^^^^^^^^^^^^^^^
> 256 |     </>
      | ^^^^
  257 |   );
  258 | }
  259 |

Parsing ecmascript source code failed

Import trace:
  Server Component:
    ./src/components/shell/search-command.tsx
    ./src/components/shell/top-bar.tsx
    ./src/app/[locale]/(app)/layout.tsx @ http://localhost:3100/_next/static/chunks/node_modules_next_dist_1e8vcs8._.js:1052
[  207969ms] [ERROR] ./src/components/shell/search-command.tsx:255:23
Error: Expected '</', got 'jsx text'
  253 |           </CommandList>
  254 |         </Command>
> 255 |       </CommandDialog>
      |                       ^^^^^^^^^^^^^^^^^^^^^^^^^^^^^^^^^^^^^^^^^^^^^^^^^^^^^^^^^^^^^^^^^^^^^^
> 256 |     </>
      | ^^^^
  257 |   );
  258 | }
  259 |

Parsing ecmascript source code failed

Import trace:
  Server Component:
    ./src/components/shell/search-command.tsx
    ./src/components/shell/top-bar.tsx
    ./src/app/[locale]/(app)/layout.tsx @ http://localhost:3100/_next/static/chunks/node_modules_next_dist_1e8vcs8._.js:1052
[  208032ms] [ERROR] ./src/components/shell/search-command.tsx:255:23
Error: Expected '</', got 'jsx text'
  253 |           </CommandList>
  254 |         </Command>
> 255 |       </CommandDialog>
      |                       ^^^^^^^^^^^^^^^^^^^^^^^^^^^^^^^^^^^^^^^^^^^^^^^^^^^^^^^^^^^^^^^^^^^^^^
> 256 |     </>
      | ^^^^
  257 |   );
  258 | }
  259 |

Parsing ecmascript source code failed

Import trace:
  Server Component:
    ./src/components/shell/search-command.tsx
    ./src/components/shell/top-bar.tsx
    ./src/app/[locale]/(app)/layout.tsx @ http://localhost:3100/_next/static/chunks/node_modules_next_dist_1e8vcs8._.js:1052
[  208096ms] [ERROR] ./src/components/shell/search-command.tsx:255:23
Error: Expected '</', got 'jsx text'
  253 |           </CommandList>
  254 |         </Command>
> 255 |       </CommandDialog>
      |                       ^^^^^^^^^^^^^^^^^^^^^^^^^^^^^^^^^^^^^^^^^^^^^^^^^^^^^^^^^^^^^^^^^^^^^^
> 256 |     </>
      | ^^^^
  257 |   );
  258 | }
  259 |

Parsing ecmascript source code failed

Import trace:
  Server Component:
    ./src/components/shell/search-command.tsx
    ./src/components/shell/top-bar.tsx
    ./src/app/[locale]/(app)/layout.tsx @ http://localhost:3100/_next/static/chunks/node_modules_next_dist_1e8vcs8._.js:1052
[  208157ms] [ERROR] ./src/components/shell/search-command.tsx:255:23
Error: Expected '</', got 'jsx text'
  253 |           </CommandList>
  254 |         </Command>
> 255 |       </CommandDialog>
      |                       ^^^^^^^^^^^^^^^^^^^^^^^^^^^^^^^^^^^^^^^^^^^^^^^^^^^^^^^^^^^^^^^^^^^^^^
> 256 |     </>
      | ^^^^
  257 |   );
  258 | }
  259 |

Parsing ecmascript source code failed

Import trace:
  Server Component:
    ./src/components/shell/search-command.tsx
    ./src/components/shell/top-bar.tsx
    ./src/app/[locale]/(app)/layout.tsx @ http://localhost:3100/_next/static/chunks/node_modules_next_dist_1e8vcs8._.js:1052
[  208220ms] [ERROR] ./src/components/shell/search-command.tsx:255:23
Error: Expected '</', got 'jsx text'
  253 |           </CommandList>
  254 |         </Command>
> 255 |       </CommandDialog>
      |                       ^^^^^^^^^^^^^^^^^^^^^^^^^^^^^^^^^^^^^^^^^^^^^^^^^^^^^^^^^^^^^^^^^^^^^^
> 256 |     </>
      | ^^^^
  257 |   );
  258 | }
  259 |

Parsing ecmascript source code failed

Import trace:
  Server Component:
    ./src/components/shell/search-command.tsx
    ./src/components/shell/top-bar.tsx
    ./src/app/[locale]/(app)/layout.tsx @ http://localhost:3100/_next/static/chunks/node_modules_next_dist_1e8vcs8._.js:1052
[  208282ms] [ERROR] ./src/components/shell/search-command.tsx:255:23
Error: Expected '</', got 'jsx text'
  253 |           </CommandList>
  254 |         </Command>
> 255 |       </CommandDialog>
      |                       ^^^^^^^^^^^^^^^^^^^^^^^^^^^^^^^^^^^^^^^^^^^^^^^^^^^^^^^^^^^^^^^^^^^^^^
> 256 |     </>
      | ^^^^
  257 |   );
  258 | }
  259 |

Parsing ecmascript source code failed

Import trace:
  Server Component:
    ./src/components/shell/search-command.tsx
    ./src/components/shell/top-bar.tsx
    ./src/app/[locale]/(app)/layout.tsx @ http://localhost:3100/_next/static/chunks/node_modules_next_dist_1e8vcs8._.js:1052
[  208350ms] [ERROR] ./src/components/shell/search-command.tsx:255:23
Error: Expected '</', got 'jsx text'
  253 |           </CommandList>
  254 |         </Command>
> 255 |       </CommandDialog>
      |                       ^^^^^^^^^^^^^^^^^^^^^^^^^^^^^^^^^^^^^^^^^^^^^^^^^^^^^^^^^^^^^^^^^^^^^^
> 256 |     </>
      | ^^^^
  257 |   );
  258 | }
  259 |

Parsing ecmascript source code failed

Import trace:
  Server Component:
    ./src/components/shell/search-command.tsx
    ./src/components/shell/top-bar.tsx
    ./src/app/[locale]/(app)/layout.tsx @ http://localhost:3100/_next/static/chunks/node_modules_next_dist_1e8vcs8._.js:1052
[  208408ms] [ERROR] ./src/components/shell/search-command.tsx:255:23
Error: Expected '</', got 'jsx text'
  253 |           </CommandList>
  254 |         </Command>
> 255 |       </CommandDialog>
      |                       ^^^^^^^^^^^^^^^^^^^^^^^^^^^^^^^^^^^^^^^^^^^^^^^^^^^^^^^^^^^^^^^^^^^^^^
> 256 |     </>
      | ^^^^
  257 |   );
  258 | }
  259 |

Parsing ecmascript source code failed

Import trace:
  Server Component:
    ./src/components/shell/search-command.tsx
    ./src/components/shell/top-bar.tsx
    ./src/app/[locale]/(app)/layout.tsx @ http://localhost:3100/_next/static/chunks/node_modules_next_dist_1e8vcs8._.js:1052
[  208468ms] [ERROR] ./src/components/shell/search-command.tsx:255:23
Error: Expected '</', got 'jsx text'
  253 |           </CommandList>
  254 |         </Command>
> 255 |       </CommandDialog>
      |                       ^^^^^^^^^^^^^^^^^^^^^^^^^^^^^^^^^^^^^^^^^^^^^^^^^^^^^^^^^^^^^^^^^^^^^^
> 256 |     </>
      | ^^^^
  257 |   );
  258 | }
  259 |

Parsing ecmascript source code failed

Import trace:
  Server Component:
    ./src/components/shell/search-command.tsx
    ./src/components/shell/top-bar.tsx
    ./src/app/[locale]/(app)/layout.tsx @ http://localhost:3100/_next/static/chunks/node_modules_next_dist_1e8vcs8._.js:1052
[  208530ms] [ERROR] ./src/components/shell/search-command.tsx:255:23
Error: Expected '</', got 'jsx text'
  253 |           </CommandList>
  254 |         </Command>
> 255 |       </CommandDialog>
      |                       ^^^^^^^^^^^^^^^^^^^^^^^^^^^^^^^^^^^^^^^^^^^^^^^^^^^^^^^^^^^^^^^^^^^^^^
> 256 |     </>
      | ^^^^
  257 |   );
  258 | }
  259 |

Parsing ecmascript source code failed

Import trace:
  Server Component:
    ./src/components/shell/search-command.tsx
    ./src/components/shell/top-bar.tsx
    ./src/app/[locale]/(app)/layout.tsx @ http://localhost:3100/_next/static/chunks/node_modules_next_dist_1e8vcs8._.js:1052
[  208591ms] [ERROR] ./src/components/shell/search-command.tsx:255:23
Error: Expected '</', got 'jsx text'
  253 |           </CommandList>
  254 |         </Command>
> 255 |       </CommandDialog>
      |                       ^^^^^^^^^^^^^^^^^^^^^^^^^^^^^^^^^^^^^^^^^^^^^^^^^^^^^^^^^^^^^^^^^^^^^^
> 256 |     </>
      | ^^^^
  257 |   );
  258 | }
  259 |

Parsing ecmascript source code failed

Import trace:
  Server Component:
    ./src/components/shell/search-command.tsx
    ./src/components/shell/top-bar.tsx
    ./src/app/[locale]/(app)/layout.tsx @ http://localhost:3100/_next/static/chunks/node_modules_next_dist_1e8vcs8._.js:1052
[  208653ms] [ERROR] ./src/components/shell/search-command.tsx:255:23
Error: Expected '</', got 'jsx text'
  253 |           </CommandList>
  254 |         </Command>
> 255 |       </CommandDialog>
      |                       ^^^^^^^^^^^^^^^^^^^^^^^^^^^^^^^^^^^^^^^^^^^^^^^^^^^^^^^^^^^^^^^^^^^^^^
> 256 |     </>
      | ^^^^
  257 |   );
  258 | }
  259 |

Parsing ecmascript source code failed

Import trace:
  Server Component:
    ./src/components/shell/search-command.tsx
    ./src/components/shell/top-bar.tsx
    ./src/app/[locale]/(app)/layout.tsx @ http://localhost:3100/_next/static/chunks/node_modules_next_dist_1e8vcs8._.js:1052
[  208715ms] [ERROR] ./src/components/shell/search-command.tsx:255:23
Error: Expected '</', got 'jsx text'
  253 |           </CommandList>
  254 |         </Command>
> 255 |       </CommandDialog>
      |                       ^^^^^^^^^^^^^^^^^^^^^^^^^^^^^^^^^^^^^^^^^^^^^^^^^^^^^^^^^^^^^^^^^^^^^^
> 256 |     </>
      | ^^^^
  257 |   );
  258 | }
  259 |

Parsing ecmascript source code failed

Import trace:
  Server Component:
    ./src/components/shell/search-command.tsx
    ./src/components/shell/top-bar.tsx
    ./src/app/[locale]/(app)/layout.tsx @ http://localhost:3100/_next/static/chunks/node_modules_next_dist_1e8vcs8._.js:1052
[  208778ms] [ERROR] ./src/components/shell/search-command.tsx:255:23
Error: Expected '</', got 'jsx text'
  253 |           </CommandList>
  254 |         </Command>
> 255 |       </CommandDialog>
      |                       ^^^^^^^^^^^^^^^^^^^^^^^^^^^^^^^^^^^^^^^^^^^^^^^^^^^^^^^^^^^^^^^^^^^^^^
> 256 |     </>
      | ^^^^
  257 |   );
  258 | }
  259 |

Parsing ecmascript source code failed

Import trace:
  Server Component:
    ./src/components/shell/search-command.tsx
    ./src/components/shell/top-bar.tsx
    ./src/app/[locale]/(app)/layout.tsx @ http://localhost:3100/_next/static/chunks/node_modules_next_dist_1e8vcs8._.js:1052
[  208839ms] [ERROR] ./src/components/shell/search-command.tsx:255:23
Error: Expected '</', got 'jsx text'
  253 |           </CommandList>
  254 |         </Command>
> 255 |       </CommandDialog>
      |                       ^^^^^^^^^^^^^^^^^^^^^^^^^^^^^^^^^^^^^^^^^^^^^^^^^^^^^^^^^^^^^^^^^^^^^^
> 256 |     </>
      | ^^^^
  257 |   );
  258 | }
  259 |

Parsing ecmascript source code failed

Import trace:
  Server Component:
    ./src/components/shell/search-command.tsx
    ./src/components/shell/top-bar.tsx
    ./src/app/[locale]/(app)/layout.tsx @ http://localhost:3100/_next/static/chunks/node_modules_next_dist_1e8vcs8._.js:1052
[  208902ms] [ERROR] ./src/components/shell/search-command.tsx:255:23
Error: Expected '</', got 'jsx text'
  253 |           </CommandList>
  254 |         </Command>
> 255 |       </CommandDialog>
      |                       ^^^^^^^^^^^^^^^^^^^^^^^^^^^^^^^^^^^^^^^^^^^^^^^^^^^^^^^^^^^^^^^^^^^^^^
> 256 |     </>
      | ^^^^
  257 |   );
  258 | }
  259 |

Parsing ecmascript source code failed

Import trace:
  Server Component:
    ./src/components/shell/search-command.tsx
    ./src/components/shell/top-bar.tsx
    ./src/app/[locale]/(app)/layout.tsx @ http://localhost:3100/_next/static/chunks/node_modules_next_dist_1e8vcs8._.js:1052
[  208964ms] [ERROR] ./src/components/shell/search-command.tsx:255:23
Error: Expected '</', got 'jsx text'
  253 |           </CommandList>
  254 |         </Command>
> 255 |       </CommandDialog>
      |                       ^^^^^^^^^^^^^^^^^^^^^^^^^^^^^^^^^^^^^^^^^^^^^^^^^^^^^^^^^^^^^^^^^^^^^^
> 256 |     </>
      | ^^^^
  257 |   );
  258 | }
  259 |

Parsing ecmascript source code failed

Import trace:
  Server Component:
    ./src/components/shell/search-command.tsx
    ./src/components/shell/top-bar.tsx
    ./src/app/[locale]/(app)/layout.tsx @ http://localhost:3100/_next/static/chunks/node_modules_next_dist_1e8vcs8._.js:1052
[  209026ms] [ERROR] ./src/components/shell/search-command.tsx:255:23
Error: Expected '</', got 'jsx text'
  253 |           </CommandList>
  254 |         </Command>
> 255 |       </CommandDialog>
      |                       ^^^^^^^^^^^^^^^^^^^^^^^^^^^^^^^^^^^^^^^^^^^^^^^^^^^^^^^^^^^^^^^^^^^^^^
> 256 |     </>
      | ^^^^
  257 |   );
  258 | }
  259 |

Parsing ecmascript source code failed

Import trace:
  Server Component:
    ./src/components/shell/search-command.tsx
    ./src/components/shell/top-bar.tsx
    ./src/app/[locale]/(app)/layout.tsx @ http://localhost:3100/_next/static/chunks/node_modules_next_dist_1e8vcs8._.js:1052
[  209090ms] [ERROR] ./src/components/shell/search-command.tsx:255:23
Error: Expected '</', got 'jsx text'
  253 |           </CommandList>
  254 |         </Command>
> 255 |       </CommandDialog>
      |                       ^^^^^^^^^^^^^^^^^^^^^^^^^^^^^^^^^^^^^^^^^^^^^^^^^^^^^^^^^^^^^^^^^^^^^^
> 256 |     </>
      | ^^^^
  257 |   );
  258 | }
  259 |

Parsing ecmascript source code failed

Import trace:
  Server Component:
    ./src/components/shell/search-command.tsx
    ./src/components/shell/top-bar.tsx
    ./src/app/[locale]/(app)/layout.tsx @ http://localhost:3100/_next/static/chunks/node_modules_next_dist_1e8vcs8._.js:1052
[  209152ms] [ERROR] ./src/components/shell/search-command.tsx:255:23
Error: Expected '</', got 'jsx text'
  253 |           </CommandList>
  254 |         </Command>
> 255 |       </CommandDialog>
      |                       ^^^^^^^^^^^^^^^^^^^^^^^^^^^^^^^^^^^^^^^^^^^^^^^^^^^^^^^^^^^^^^^^^^^^^^
> 256 |     </>
      | ^^^^
  257 |   );
  258 | }
  259 |

Parsing ecmascript source code failed

Import trace:
  Server Component:
    ./src/components/shell/search-command.tsx
    ./src/components/shell/top-bar.tsx
    ./src/app/[locale]/(app)/layout.tsx @ http://localhost:3100/_next/static/chunks/node_modules_next_dist_1e8vcs8._.js:1052
[  209214ms] [ERROR] ./src/components/shell/search-command.tsx:255:23
Error: Expected '</', got 'jsx text'
  253 |           </CommandList>
  254 |         </Command>
> 255 |       </CommandDialog>
      |                       ^^^^^^^^^^^^^^^^^^^^^^^^^^^^^^^^^^^^^^^^^^^^^^^^^^^^^^^^^^^^^^^^^^^^^^
> 256 |     </>
      | ^^^^
  257 |   );
  258 | }
  259 |

Parsing ecmascript source code failed

Import trace:
  Server Component:
    ./src/components/shell/search-command.tsx
    ./src/components/shell/top-bar.tsx
    ./src/app/[locale]/(app)/layout.tsx @ http://localhost:3100/_next/static/chunks/node_modules_next_dist_1e8vcs8._.js:1052
[  209275ms] [ERROR] ./src/components/shell/search-command.tsx:255:23
Error: Expected '</', got 'jsx text'
  253 |           </CommandList>
  254 |         </Command>
> 255 |       </CommandDialog>
      |                       ^^^^^^^^^^^^^^^^^^^^^^^^^^^^^^^^^^^^^^^^^^^^^^^^^^^^^^^^^^^^^^^^^^^^^^
> 256 |     </>
      | ^^^^
  257 |   );
  258 | }
  259 |

Parsing ecmascript source code failed

Import trace:
  Server Component:
    ./src/components/shell/search-command.tsx
    ./src/components/shell/top-bar.tsx
    ./src/app/[locale]/(app)/layout.tsx @ http://localhost:3100/_next/static/chunks/node_modules_next_dist_1e8vcs8._.js:1052
[  209339ms] [ERROR] ./src/components/shell/search-command.tsx:255:23
Error: Expected '</', got 'jsx text'
  253 |           </CommandList>
  254 |         </Command>
> 255 |       </CommandDialog>
      |                       ^^^^^^^^^^^^^^^^^^^^^^^^^^^^^^^^^^^^^^^^^^^^^^^^^^^^^^^^^^^^^^^^^^^^^^
> 256 |     </>
      | ^^^^
  257 |   );
  258 | }
  259 |

Parsing ecmascript source code failed

Import trace:
  Server Component:
    ./src/components/shell/search-command.tsx
    ./src/components/shell/top-bar.tsx
    ./src/app/[locale]/(app)/layout.tsx @ http://localhost:3100/_next/static/chunks/node_modules_next_dist_1e8vcs8._.js:1052
[  209400ms] [ERROR] ./src/components/shell/search-command.tsx:255:23
Error: Expected '</', got 'jsx text'
  253 |           </CommandList>
  254 |         </Command>
> 255 |       </CommandDialog>
      |                       ^^^^^^^^^^^^^^^^^^^^^^^^^^^^^^^^^^^^^^^^^^^^^^^^^^^^^^^^^^^^^^^^^^^^^^
> 256 |     </>
      | ^^^^
  257 |   );
  258 | }
  259 |

Parsing ecmascript source code failed

Import trace:
  Server Component:
    ./src/components/shell/search-command.tsx
    ./src/components/shell/top-bar.tsx
    ./src/app/[locale]/(app)/layout.tsx @ http://localhost:3100/_next/static/chunks/node_modules_next_dist_1e8vcs8._.js:1052
[  209465ms] [ERROR] ./src/components/shell/search-command.tsx:255:23
Error: Expected '</', got 'jsx text'
  253 |           </CommandList>
  254 |         </Command>
> 255 |       </CommandDialog>
      |                       ^^^^^^^^^^^^^^^^^^^^^^^^^^^^^^^^^^^^^^^^^^^^^^^^^^^^^^^^^^^^^^^^^^^^^^
> 256 |     </>
      | ^^^^
  257 |   );
  258 | }
  259 |

Parsing ecmascript source code failed

Import trace:
  Server Component:
    ./src/components/shell/search-command.tsx
    ./src/components/shell/top-bar.tsx
    ./src/app/[locale]/(app)/layout.tsx @ http://localhost:3100/_next/static/chunks/node_modules_next_dist_1e8vcs8._.js:1052
[  209527ms] [ERROR] ./src/components/shell/search-command.tsx:255:23
Error: Expected '</', got 'jsx text'
  253 |           </CommandList>
  254 |         </Command>
> 255 |       </CommandDialog>
      |                       ^^^^^^^^^^^^^^^^^^^^^^^^^^^^^^^^^^^^^^^^^^^^^^^^^^^^^^^^^^^^^^^^^^^^^^
> 256 |     </>
      | ^^^^
  257 |   );
  258 | }
  259 |

Parsing ecmascript source code failed

Import trace:
  Server Component:
    ./src/components/shell/search-command.tsx
    ./src/components/shell/top-bar.tsx
    ./src/app/[locale]/(app)/layout.tsx @ http://localhost:3100/_next/static/chunks/node_modules_next_dist_1e8vcs8._.js:1052
[  209604ms] [ERROR] ./src/components/shell/search-command.tsx:255:23
Error: Expected '</', got 'jsx text'
  253 |           </CommandList>
  254 |         </Command>
> 255 |       </CommandDialog>
      |                       ^^^^^^^^^^^^^^^^^^^^^^^^^^^^^^^^^^^^^^^^^^^^^^^^^^^^^^^^^^^^^^^^^^^^^^
> 256 |     </>
      | ^^^^
  257 |   );
  258 | }
  259 |

Parsing ecmascript source code failed

Import trace:
  Server Component:
    ./src/components/shell/search-command.tsx
    ./src/components/shell/top-bar.tsx
    ./src/app/[locale]/(app)/layout.tsx @ http://localhost:3100/_next/static/chunks/node_modules_next_dist_1e8vcs8._.js:1052
[  209651ms] [ERROR] ./src/components/shell/search-command.tsx:255:23
Error: Expected '</', got 'jsx text'
  253 |           </CommandList>
  254 |         </Command>
> 255 |       </CommandDialog>
      |                       ^^^^^^^^^^^^^^^^^^^^^^^^^^^^^^^^^^^^^^^^^^^^^^^^^^^^^^^^^^^^^^^^^^^^^^
> 256 |     </>
      | ^^^^
  257 |   );
  258 | }
  259 |

Parsing ecmascript source code failed

Import trace:
  Server Component:
    ./src/components/shell/search-command.tsx
    ./src/components/shell/top-bar.tsx
    ./src/app/[locale]/(app)/layout.tsx @ http://localhost:3100/_next/static/chunks/node_modules_next_dist_1e8vcs8._.js:1052
[  209744ms] [ERROR] ./src/components/shell/search-command.tsx:255:23
Error: Expected '</', got 'jsx text'
  253 |           </CommandList>
  254 |         </Command>
> 255 |       </CommandDialog>
      |                       ^^^^^^^^^^^^^^^^^^^^^^^^^^^^^^^^^^^^^^^^^^^^^^^^^^^^^^^^^^^^^^^^^^^^^^
> 256 |     </>
      | ^^^^
  257 |   );
  258 | }
  259 |

Parsing ecmascript source code failed

Import trace:
  Server Component:
    ./src/components/shell/search-command.tsx
    ./src/components/shell/top-bar.tsx
    ./src/app/[locale]/(app)/layout.tsx @ http://localhost:3100/_next/static/chunks/node_modules_next_dist_1e8vcs8._.js:1052
[  209807ms] [ERROR] ./src/components/shell/search-command.tsx:255:23
Error: Expected '</', got 'jsx text'
  253 |           </CommandList>
  254 |         </Command>
> 255 |       </CommandDialog>
      |                       ^^^^^^^^^^^^^^^^^^^^^^^^^^^^^^^^^^^^^^^^^^^^^^^^^^^^^^^^^^^^^^^^^^^^^^
> 256 |     </>
      | ^^^^
  257 |   );
  258 | }
  259 |

Parsing ecmascript source code failed

Import trace:
  Server Component:
    ./src/components/shell/search-command.tsx
    ./src/components/shell/top-bar.tsx
    ./src/app/[locale]/(app)/layout.tsx @ http://localhost:3100/_next/static/chunks/node_modules_next_dist_1e8vcs8._.js:1052
[  209869ms] [ERROR] ./src/components/shell/search-command.tsx:255:23
Error: Expected '</', got 'jsx text'
  253 |           </CommandList>
  254 |         </Command>
> 255 |       </CommandDialog>
      |                       ^^^^^^^^^^^^^^^^^^^^^^^^^^^^^^^^^^^^^^^^^^^^^^^^^^^^^^^^^^^^^^^^^^^^^^
> 256 |     </>
      | ^^^^
  257 |   );
  258 | }
  259 |

Parsing ecmascript source code failed

Import trace:
  Server Component:
    ./src/components/shell/search-command.tsx
    ./src/components/shell/top-bar.tsx
    ./src/app/[locale]/(app)/layout.tsx @ http://localhost:3100/_next/static/chunks/node_modules_next_dist_1e8vcs8._.js:1052
[  209919ms] [ERROR] ./src/components/shell/search-command.tsx:255:23
Error: Expected '</', got 'jsx text'
  253 |           </CommandList>
  254 |         </Command>
> 255 |       </CommandDialog>
      |                       ^^^^^^^^^^^^^^^^^^^^^^^^^^^^^^^^^^^^^^^^^^^^^^^^^^^^^^^^^^^^^^^^^^^^^^
> 256 |     </>
      | ^^^^
  257 |   );
  258 | }
  259 |

Parsing ecmascript source code failed

Import trace:
  Server Component:
    ./src/components/shell/search-command.tsx
    ./src/components/shell/top-bar.tsx
    ./src/app/[locale]/(app)/layout.tsx @ http://localhost:3100/_next/static/chunks/node_modules_next_dist_1e8vcs8._.js:1052
[  209997ms] [ERROR] ./src/components/shell/search-command.tsx:255:23
Error: Expected '</', got 'jsx text'
  253 |           </CommandList>
  254 |         </Command>
> 255 |       </CommandDialog>
      |                       ^^^^^^^^^^^^^^^^^^^^^^^^^^^^^^^^^^^^^^^^^^^^^^^^^^^^^^^^^^^^^^^^^^^^^^
> 256 |     </>
      | ^^^^
  257 |   );
  258 | }
  259 |

Parsing ecmascript source code failed

Import trace:
  Server Component:
    ./src/components/shell/search-command.tsx
    ./src/components/shell/top-bar.tsx
    ./src/app/[locale]/(app)/layout.tsx @ http://localhost:3100/_next/static/chunks/node_modules_next_dist_1e8vcs8._.js:1052
[  210059ms] [ERROR] ./src/components/shell/search-command.tsx:255:23
Error: Expected '</', got 'jsx text'
  253 |           </CommandList>
  254 |         </Command>
> 255 |       </CommandDialog>
      |                       ^^^^^^^^^^^^^^^^^^^^^^^^^^^^^^^^^^^^^^^^^^^^^^^^^^^^^^^^^^^^^^^^^^^^^^
> 256 |     </>
      | ^^^^
  257 |   );
  258 | }
  259 |

Parsing ecmascript source code failed

Import trace:
  Server Component:
    ./src/components/shell/search-command.tsx
    ./src/components/shell/top-bar.tsx
    ./src/app/[locale]/(app)/layout.tsx @ http://localhost:3100/_next/static/chunks/node_modules_next_dist_1e8vcs8._.js:1052
[  210120ms] [ERROR] ./src/components/shell/search-command.tsx:255:23
Error: Expected '</', got 'jsx text'
  253 |           </CommandList>
  254 |         </Command>
> 255 |       </CommandDialog>
      |                       ^^^^^^^^^^^^^^^^^^^^^^^^^^^^^^^^^^^^^^^^^^^^^^^^^^^^^^^^^^^^^^^^^^^^^^
> 256 |     </>
      | ^^^^
  257 |   );
  258 | }
  259 |

Parsing ecmascript source code failed

Import trace:
  Server Component:
    ./src/components/shell/search-command.tsx
    ./src/components/shell/top-bar.tsx
    ./src/app/[locale]/(app)/layout.tsx @ http://localhost:3100/_next/static/chunks/node_modules_next_dist_1e8vcs8._.js:1052
[  210184ms] [ERROR] ./src/components/shell/search-command.tsx:255:23
Error: Expected '</', got 'jsx text'
  253 |           </CommandList>
  254 |         </Command>
> 255 |       </CommandDialog>
      |                       ^^^^^^^^^^^^^^^^^^^^^^^^^^^^^^^^^^^^^^^^^^^^^^^^^^^^^^^^^^^^^^^^^^^^^^
> 256 |     </>
      | ^^^^
  257 |   );
  258 | }
  259 |

Parsing ecmascript source code failed

Import trace:
  Server Component:
    ./src/components/shell/search-command.tsx
    ./src/components/shell/top-bar.tsx
    ./src/app/[locale]/(app)/layout.tsx @ http://localhost:3100/_next/static/chunks/node_modules_next_dist_1e8vcs8._.js:1052
[  210246ms] [ERROR] ./src/components/shell/search-command.tsx:255:23
Error: Expected '</', got 'jsx text'
  253 |           </CommandList>
  254 |         </Command>
> 255 |       </CommandDialog>
      |                       ^^^^^^^^^^^^^^^^^^^^^^^^^^^^^^^^^^^^^^^^^^^^^^^^^^^^^^^^^^^^^^^^^^^^^^
> 256 |     </>
      | ^^^^
  257 |   );
  258 | }
  259 |

Parsing ecmascript source code failed

Import trace:
  Server Component:
    ./src/components/shell/search-command.tsx
    ./src/components/shell/top-bar.tsx
    ./src/app/[locale]/(app)/layout.tsx @ http://localhost:3100/_next/static/chunks/node_modules_next_dist_1e8vcs8._.js:1052
[  210308ms] [ERROR] ./src/components/shell/search-command.tsx:255:23
Error: Expected '</', got 'jsx text'
  253 |           </CommandList>
  254 |         </Command>
> 255 |       </CommandDialog>
      |                       ^^^^^^^^^^^^^^^^^^^^^^^^^^^^^^^^^^^^^^^^^^^^^^^^^^^^^^^^^^^^^^^^^^^^^^
> 256 |     </>
      | ^^^^
  257 |   );
  258 | }
  259 |

Parsing ecmascript source code failed

Import trace:
  Server Component:
    ./src/components/shell/search-command.tsx
    ./src/components/shell/top-bar.tsx
    ./src/app/[locale]/(app)/layout.tsx @ http://localhost:3100/_next/static/chunks/node_modules_next_dist_1e8vcs8._.js:1052
[  210369ms] [ERROR] ./src/components/shell/search-command.tsx:255:23
Error: Expected '</', got 'jsx text'
  253 |           </CommandList>
  254 |         </Command>
> 255 |       </CommandDialog>
      |                       ^^^^^^^^^^^^^^^^^^^^^^^^^^^^^^^^^^^^^^^^^^^^^^^^^^^^^^^^^^^^^^^^^^^^^^
> 256 |     </>
      | ^^^^
  257 |   );
  258 | }
  259 |

Parsing ecmascript source code failed

Import trace:
  Server Component:
    ./src/components/shell/search-command.tsx
    ./src/components/shell/top-bar.tsx
    ./src/app/[locale]/(app)/layout.tsx @ http://localhost:3100/_next/static/chunks/node_modules_next_dist_1e8vcs8._.js:1052
[  210432ms] [ERROR] ./src/components/shell/search-command.tsx:255:23
Error: Expected '</', got 'jsx text'
  253 |           </CommandList>
  254 |         </Command>
> 255 |       </CommandDialog>
      |                       ^^^^^^^^^^^^^^^^^^^^^^^^^^^^^^^^^^^^^^^^^^^^^^^^^^^^^^^^^^^^^^^^^^^^^^
> 256 |     </>
      | ^^^^
  257 |   );
  258 | }
  259 |

Parsing ecmascript source code failed

Import trace:
  Server Component:
    ./src/components/shell/search-command.tsx
    ./src/components/shell/top-bar.tsx
    ./src/app/[locale]/(app)/layout.tsx @ http://localhost:3100/_next/static/chunks/node_modules_next_dist_1e8vcs8._.js:1052
[  210498ms] [ERROR] ./src/components/shell/search-command.tsx:255:23
Error: Expected '</', got 'jsx text'
  253 |           </CommandList>
  254 |         </Command>
> 255 |       </CommandDialog>
      |                       ^^^^^^^^^^^^^^^^^^^^^^^^^^^^^^^^^^^^^^^^^^^^^^^^^^^^^^^^^^^^^^^^^^^^^^
> 256 |     </>
      | ^^^^
  257 |   );
  258 | }
  259 |

Parsing ecmascript source code failed

Import trace:
  Server Component:
    ./src/components/shell/search-command.tsx
    ./src/components/shell/top-bar.tsx
    ./src/app/[locale]/(app)/layout.tsx @ http://localhost:3100/_next/static/chunks/node_modules_next_dist_1e8vcs8._.js:1052
[  210557ms] [ERROR] ./src/components/shell/search-command.tsx:255:23
Error: Expected '</', got 'jsx text'
  253 |           </CommandList>
  254 |         </Command>
> 255 |       </CommandDialog>
      |                       ^^^^^^^^^^^^^^^^^^^^^^^^^^^^^^^^^^^^^^^^^^^^^^^^^^^^^^^^^^^^^^^^^^^^^^
> 256 |     </>
      | ^^^^
  257 |   );
  258 | }
  259 |

Parsing ecmascript source code failed

Import trace:
  Server Component:
    ./src/components/shell/search-command.tsx
    ./src/components/shell/top-bar.tsx
    ./src/app/[locale]/(app)/layout.tsx @ http://localhost:3100/_next/static/chunks/node_modules_next_dist_1e8vcs8._.js:1052
[  210618ms] [ERROR] ./src/components/shell/search-command.tsx:255:23
Error: Expected '</', got 'jsx text'
  253 |           </CommandList>
  254 |         </Command>
> 255 |       </CommandDialog>
      |                       ^^^^^^^^^^^^^^^^^^^^^^^^^^^^^^^^^^^^^^^^^^^^^^^^^^^^^^^^^^^^^^^^^^^^^^
> 256 |     </>
      | ^^^^
  257 |   );
  258 | }
  259 |

Parsing ecmascript source code failed

Import trace:
  Server Component:
    ./src/components/shell/search-command.tsx
    ./src/components/shell/top-bar.tsx
    ./src/app/[locale]/(app)/layout.tsx @ http://localhost:3100/_next/static/chunks/node_modules_next_dist_1e8vcs8._.js:1052
[  210681ms] [ERROR] ./src/components/shell/search-command.tsx:255:23
Error: Expected '</', got 'jsx text'
  253 |           </CommandList>
  254 |         </Command>
> 255 |       </CommandDialog>
      |                       ^^^^^^^^^^^^^^^^^^^^^^^^^^^^^^^^^^^^^^^^^^^^^^^^^^^^^^^^^^^^^^^^^^^^^^
> 256 |     </>
      | ^^^^
  257 |   );
  258 | }
  259 |

Parsing ecmascript source code failed

Import trace:
  Server Component:
    ./src/components/shell/search-command.tsx
    ./src/components/shell/top-bar.tsx
    ./src/app/[locale]/(app)/layout.tsx @ http://localhost:3100/_next/static/chunks/node_modules_next_dist_1e8vcs8._.js:1052
[  210741ms] [ERROR] ./src/components/shell/search-command.tsx:255:23
Error: Expected '</', got 'jsx text'
  253 |           </CommandList>
  254 |         </Command>
> 255 |       </CommandDialog>
      |                       ^^^^^^^^^^^^^^^^^^^^^^^^^^^^^^^^^^^^^^^^^^^^^^^^^^^^^^^^^^^^^^^^^^^^^^
> 256 |     </>
      | ^^^^
  257 |   );
  258 | }
  259 |

Parsing ecmascript source code failed

Import trace:
  Server Component:
    ./src/components/shell/search-command.tsx
    ./src/components/shell/top-bar.tsx
    ./src/app/[locale]/(app)/layout.tsx @ http://localhost:3100/_next/static/chunks/node_modules_next_dist_1e8vcs8._.js:1052
[  210805ms] [ERROR] ./src/components/shell/search-command.tsx:255:23
Error: Expected '</', got 'jsx text'
  253 |           </CommandList>
  254 |         </Command>
> 255 |       </CommandDialog>
      |                       ^^^^^^^^^^^^^^^^^^^^^^^^^^^^^^^^^^^^^^^^^^^^^^^^^^^^^^^^^^^^^^^^^^^^^^
> 256 |     </>
      | ^^^^
  257 |   );
  258 | }
  259 |

Parsing ecmascript source code failed

Import trace:
  Server Component:
    ./src/components/shell/search-command.tsx
    ./src/components/shell/top-bar.tsx
    ./src/app/[locale]/(app)/layout.tsx @ http://localhost:3100/_next/static/chunks/node_modules_next_dist_1e8vcs8._.js:1052
[  210865ms] [ERROR] ./src/components/shell/search-command.tsx:255:23
Error: Expected '</', got 'jsx text'
  253 |           </CommandList>
  254 |         </Command>
> 255 |       </CommandDialog>
      |                       ^^^^^^^^^^^^^^^^^^^^^^^^^^^^^^^^^^^^^^^^^^^^^^^^^^^^^^^^^^^^^^^^^^^^^^
> 256 |     </>
      | ^^^^
  257 |   );
  258 | }
  259 |

Parsing ecmascript source code failed

Import trace:
  Server Component:
    ./src/components/shell/search-command.tsx
    ./src/components/shell/top-bar.tsx
    ./src/app/[locale]/(app)/layout.tsx @ http://localhost:3100/_next/static/chunks/node_modules_next_dist_1e8vcs8._.js:1052
[  210929ms] [ERROR] ./src/components/shell/search-command.tsx:255:23
Error: Expected '</', got 'jsx text'
  253 |           </CommandList>
  254 |         </Command>
> 255 |       </CommandDialog>
      |                       ^^^^^^^^^^^^^^^^^^^^^^^^^^^^^^^^^^^^^^^^^^^^^^^^^^^^^^^^^^^^^^^^^^^^^^
> 256 |     </>
      | ^^^^
  257 |   );
  258 | }
  259 |

Parsing ecmascript source code failed

Import trace:
  Server Component:
    ./src/components/shell/search-command.tsx
    ./src/components/shell/top-bar.tsx
    ./src/app/[locale]/(app)/layout.tsx @ http://localhost:3100/_next/static/chunks/node_modules_next_dist_1e8vcs8._.js:1052
[  211006ms] [ERROR] ./src/components/shell/search-command.tsx:255:23
Error: Expected '</', got 'jsx text'
  253 |           </CommandList>
  254 |         </Command>
> 255 |       </CommandDialog>
      |                       ^^^^^^^^^^^^^^^^^^^^^^^^^^^^^^^^^^^^^^^^^^^^^^^^^^^^^^^^^^^^^^^^^^^^^^
> 256 |     </>
      | ^^^^
  257 |   );
  258 | }
  259 |

Parsing ecmascript source code failed

Import trace:
  Server Component:
    ./src/components/shell/search-command.tsx
    ./src/components/shell/top-bar.tsx
    ./src/app/[locale]/(app)/layout.tsx @ http://localhost:3100/_next/static/chunks/node_modules_next_dist_1e8vcs8._.js:1052
[  211068ms] [ERROR] ./src/components/shell/search-command.tsx:255:23
Error: Expected '</', got 'jsx text'
  253 |           </CommandList>
  254 |         </Command>
> 255 |       </CommandDialog>
      |                       ^^^^^^^^^^^^^^^^^^^^^^^^^^^^^^^^^^^^^^^^^^^^^^^^^^^^^^^^^^^^^^^^^^^^^^
> 256 |     </>
      | ^^^^
  257 |   );
  258 | }
  259 |

Parsing ecmascript source code failed

Import trace:
  Server Component:
    ./src/components/shell/search-command.tsx
    ./src/components/shell/top-bar.tsx
    ./src/app/[locale]/(app)/layout.tsx @ http://localhost:3100/_next/static/chunks/node_modules_next_dist_1e8vcs8._.js:1052
[  211131ms] [ERROR] ./src/components/shell/search-command.tsx:255:23
Error: Expected '</', got 'jsx text'
  253 |           </CommandList>
  254 |         </Command>
> 255 |       </CommandDialog>
      |                       ^^^^^^^^^^^^^^^^^^^^^^^^^^^^^^^^^^^^^^^^^^^^^^^^^^^^^^^^^^^^^^^^^^^^^^
> 256 |     </>
      | ^^^^
  257 |   );
  258 | }
  259 |

Parsing ecmascript source code failed

Import trace:
  Server Component:
    ./src/components/shell/search-command.tsx
    ./src/components/shell/top-bar.tsx
    ./src/app/[locale]/(app)/layout.tsx @ http://localhost:3100/_next/static/chunks/node_modules_next_dist_1e8vcs8._.js:1052
[  211193ms] [ERROR] ./src/components/shell/search-command.tsx:255:23
Error: Expected '</', got 'jsx text'
  253 |           </CommandList>
  254 |         </Command>
> 255 |       </CommandDialog>
      |                       ^^^^^^^^^^^^^^^^^^^^^^^^^^^^^^^^^^^^^^^^^^^^^^^^^^^^^^^^^^^^^^^^^^^^^^
> 256 |     </>
      | ^^^^
  257 |   );
  258 | }
  259 |

Parsing ecmascript source code failed

Import trace:
  Server Component:
    ./src/components/shell/search-command.tsx
    ./src/components/shell/top-bar.tsx
    ./src/app/[locale]/(app)/layout.tsx @ http://localhost:3100/_next/static/chunks/node_modules_next_dist_1e8vcs8._.js:1052
[  211256ms] [ERROR] ./src/components/shell/search-command.tsx:255:23
Error: Expected '</', got 'jsx text'
  253 |           </CommandList>
  254 |         </Command>
> 255 |       </CommandDialog>
      |                       ^^^^^^^^^^^^^^^^^^^^^^^^^^^^^^^^^^^^^^^^^^^^^^^^^^^^^^^^^^^^^^^^^^^^^^
> 256 |     </>
      | ^^^^
  257 |   );
  258 | }
  259 |

Parsing ecmascript source code failed

Import trace:
  Server Component:
    ./src/components/shell/search-command.tsx
    ./src/components/shell/top-bar.tsx
    ./src/app/[locale]/(app)/layout.tsx @ http://localhost:3100/_next/static/chunks/node_modules_next_dist_1e8vcs8._.js:1052
[  211318ms] [ERROR] ./src/components/shell/search-command.tsx:255:23
Error: Expected '</', got 'jsx text'
  253 |           </CommandList>
  254 |         </Command>
> 255 |       </CommandDialog>
      |                       ^^^^^^^^^^^^^^^^^^^^^^^^^^^^^^^^^^^^^^^^^^^^^^^^^^^^^^^^^^^^^^^^^^^^^^
> 256 |     </>
      | ^^^^
  257 |   );
  258 | }
  259 |

Parsing ecmascript source code failed

Import trace:
  Server Component:
    ./src/components/shell/search-command.tsx
    ./src/components/shell/top-bar.tsx
    ./src/app/[locale]/(app)/layout.tsx @ http://localhost:3100/_next/static/chunks/node_modules_next_dist_1e8vcs8._.js:1052
[  211380ms] [ERROR] ./src/components/shell/search-command.tsx:255:23
Error: Expected '</', got 'jsx text'
  253 |           </CommandList>
  254 |         </Command>
> 255 |       </CommandDialog>
      |                       ^^^^^^^^^^^^^^^^^^^^^^^^^^^^^^^^^^^^^^^^^^^^^^^^^^^^^^^^^^^^^^^^^^^^^^
> 256 |     </>
      | ^^^^
  257 |   );
  258 | }
  259 |

Parsing ecmascript source code failed

Import trace:
  Server Component:
    ./src/components/shell/search-command.tsx
    ./src/components/shell/top-bar.tsx
    ./src/app/[locale]/(app)/layout.tsx @ http://localhost:3100/_next/static/chunks/node_modules_next_dist_1e8vcs8._.js:1052
[  211442ms] [ERROR] ./src/components/shell/search-command.tsx:255:23
Error: Expected '</', got 'jsx text'
  253 |           </CommandList>
  254 |         </Command>
> 255 |       </CommandDialog>
      |                       ^^^^^^^^^^^^^^^^^^^^^^^^^^^^^^^^^^^^^^^^^^^^^^^^^^^^^^^^^^^^^^^^^^^^^^
> 256 |     </>
      | ^^^^
  257 |   );
  258 | }
  259 |

Parsing ecmascript source code failed

Import trace:
  Server Component:
    ./src/components/shell/search-command.tsx
    ./src/components/shell/top-bar.tsx
    ./src/app/[locale]/(app)/layout.tsx @ http://localhost:3100/_next/static/chunks/node_modules_next_dist_1e8vcs8._.js:1052
[  211505ms] [ERROR] ./src/components/shell/search-command.tsx:255:23
Error: Expected '</', got 'jsx text'
  253 |           </CommandList>
  254 |         </Command>
> 255 |       </CommandDialog>
      |                       ^^^^^^^^^^^^^^^^^^^^^^^^^^^^^^^^^^^^^^^^^^^^^^^^^^^^^^^^^^^^^^^^^^^^^^
> 256 |     </>
      | ^^^^
  257 |   );
  258 | }
  259 |

Parsing ecmascript source code failed

Import trace:
  Server Component:
    ./src/components/shell/search-command.tsx
    ./src/components/shell/top-bar.tsx
    ./src/app/[locale]/(app)/layout.tsx @ http://localhost:3100/_next/static/chunks/node_modules_next_dist_1e8vcs8._.js:1052
[  211566ms] [ERROR] ./src/components/shell/search-command.tsx:255:23
Error: Expected '</', got 'jsx text'
  253 |           </CommandList>
  254 |         </Command>
> 255 |       </CommandDialog>
      |                       ^^^^^^^^^^^^^^^^^^^^^^^^^^^^^^^^^^^^^^^^^^^^^^^^^^^^^^^^^^^^^^^^^^^^^^
> 256 |     </>
      | ^^^^
  257 |   );
  258 | }
  259 |

Parsing ecmascript source code failed

Import trace:
  Server Component:
    ./src/components/shell/search-command.tsx
    ./src/components/shell/top-bar.tsx
    ./src/app/[locale]/(app)/layout.tsx @ http://localhost:3100/_next/static/chunks/node_modules_next_dist_1e8vcs8._.js:1052
[  211629ms] [ERROR] ./src/components/shell/search-command.tsx:255:23
Error: Expected '</', got 'jsx text'
  253 |           </CommandList>
  254 |         </Command>
> 255 |       </CommandDialog>
      |                       ^^^^^^^^^^^^^^^^^^^^^^^^^^^^^^^^^^^^^^^^^^^^^^^^^^^^^^^^^^^^^^^^^^^^^^
> 256 |     </>
      | ^^^^
  257 |   );
  258 | }
  259 |

Parsing ecmascript source code failed

Import trace:
  Server Component:
    ./src/components/shell/search-command.tsx
    ./src/components/shell/top-bar.tsx
    ./src/app/[locale]/(app)/layout.tsx @ http://localhost:3100/_next/static/chunks/node_modules_next_dist_1e8vcs8._.js:1052
[  211691ms] [ERROR] ./src/components/shell/search-command.tsx:255:23
Error: Expected '</', got 'jsx text'
  253 |           </CommandList>
  254 |         </Command>
> 255 |       </CommandDialog>
      |                       ^^^^^^^^^^^^^^^^^^^^^^^^^^^^^^^^^^^^^^^^^^^^^^^^^^^^^^^^^^^^^^^^^^^^^^
> 256 |     </>
      | ^^^^
  257 |   );
  258 | }
  259 |

Parsing ecmascript source code failed

Import trace:
  Server Component:
    ./src/components/shell/search-command.tsx
    ./src/components/shell/top-bar.tsx
    ./src/app/[locale]/(app)/layout.tsx @ http://localhost:3100/_next/static/chunks/node_modules_next_dist_1e8vcs8._.js:1052
[  211754ms] [ERROR] ./src/components/shell/search-command.tsx:255:23
Error: Expected '</', got 'jsx text'
  253 |           </CommandList>
  254 |         </Command>
> 255 |       </CommandDialog>
      |                       ^^^^^^^^^^^^^^^^^^^^^^^^^^^^^^^^^^^^^^^^^^^^^^^^^^^^^^^^^^^^^^^^^^^^^^
> 256 |     </>
      | ^^^^
  257 |   );
  258 | }
  259 |

Parsing ecmascript source code failed

Import trace:
  Server Component:
    ./src/components/shell/search-command.tsx
    ./src/components/shell/top-bar.tsx
    ./src/app/[locale]/(app)/layout.tsx @ http://localhost:3100/_next/static/chunks/node_modules_next_dist_1e8vcs8._.js:1052
[  211817ms] [ERROR] ./src/components/shell/search-command.tsx:255:23
Error: Expected '</', got 'jsx text'
  253 |           </CommandList>
  254 |         </Command>
> 255 |       </CommandDialog>
      |                       ^^^^^^^^^^^^^^^^^^^^^^^^^^^^^^^^^^^^^^^^^^^^^^^^^^^^^^^^^^^^^^^^^^^^^^
> 256 |     </>
      | ^^^^
  257 |   );
  258 | }
  259 |

Parsing ecmascript source code failed

Import trace:
  Server Component:
    ./src/components/shell/search-command.tsx
    ./src/components/shell/top-bar.tsx
    ./src/app/[locale]/(app)/layout.tsx @ http://localhost:3100/_next/static/chunks/node_modules_next_dist_1e8vcs8._.js:1052
[  211877ms] [ERROR] ./src/components/shell/search-command.tsx:255:23
Error: Expected '</', got 'jsx text'
  253 |           </CommandList>
  254 |         </Command>
> 255 |       </CommandDialog>
      |                       ^^^^^^^^^^^^^^^^^^^^^^^^^^^^^^^^^^^^^^^^^^^^^^^^^^^^^^^^^^^^^^^^^^^^^^
> 256 |     </>
      | ^^^^
  257 |   );
  258 | }
  259 |

Parsing ecmascript source code failed

Import trace:
  Server Component:
    ./src/components/shell/search-command.tsx
    ./src/components/shell/top-bar.tsx
    ./src/app/[locale]/(app)/layout.tsx @ http://localhost:3100/_next/static/chunks/node_modules_next_dist_1e8vcs8._.js:1052
[  211939ms] [ERROR] ./src/components/shell/search-command.tsx:255:23
Error: Expected '</', got 'jsx text'
  253 |           </CommandList>
  254 |         </Command>
> 255 |       </CommandDialog>
      |                       ^^^^^^^^^^^^^^^^^^^^^^^^^^^^^^^^^^^^^^^^^^^^^^^^^^^^^^^^^^^^^^^^^^^^^^
> 256 |     </>
      | ^^^^
  257 |   );
  258 | }
  259 |

Parsing ecmascript source code failed

Import trace:
  Server Component:
    ./src/components/shell/search-command.tsx
    ./src/components/shell/top-bar.tsx
    ./src/app/[locale]/(app)/layout.tsx @ http://localhost:3100/_next/static/chunks/node_modules_next_dist_1e8vcs8._.js:1052
[  211988ms] [ERROR] ./src/components/shell/search-command.tsx:255:23
Error: Expected '</', got 'jsx text'
  253 |           </CommandList>
  254 |         </Command>
> 255 |       </CommandDialog>
      |                       ^^^^^^^^^^^^^^^^^^^^^^^^^^^^^^^^^^^^^^^^^^^^^^^^^^^^^^^^^^^^^^^^^^^^^^
> 256 |     </>
      | ^^^^
  257 |   );
  258 | }
  259 |

Parsing ecmascript source code failed

Import trace:
  Server Component:
    ./src/components/shell/search-command.tsx
    ./src/components/shell/top-bar.tsx
    ./src/app/[locale]/(app)/layout.tsx @ http://localhost:3100/_next/static/chunks/node_modules_next_dist_1e8vcs8._.js:1052
[  212047ms] [ERROR] ./src/components/shell/search-command.tsx:255:23
Error: Expected '</', got 'jsx text'
  253 |           </CommandList>
  254 |         </Command>
> 255 |       </CommandDialog>
      |                       ^^^^^^^^^^^^^^^^^^^^^^^^^^^^^^^^^^^^^^^^^^^^^^^^^^^^^^^^^^^^^^^^^^^^^^
> 256 |     </>
      | ^^^^
  257 |   );
  258 | }
  259 |

Parsing ecmascript source code failed

Import trace:
  Server Component:
    ./src/components/shell/search-command.tsx
    ./src/components/shell/top-bar.tsx
    ./src/app/[locale]/(app)/layout.tsx @ http://localhost:3100/_next/static/chunks/node_modules_next_dist_1e8vcs8._.js:1052
[  212109ms] [ERROR] ./src/components/shell/search-command.tsx:255:23
Error: Expected '</', got 'jsx text'
  253 |           </CommandList>
  254 |         </Command>
> 255 |       </CommandDialog>
      |                       ^^^^^^^^^^^^^^^^^^^^^^^^^^^^^^^^^^^^^^^^^^^^^^^^^^^^^^^^^^^^^^^^^^^^^^
> 256 |     </>
      | ^^^^
  257 |   );
  258 | }
  259 |

Parsing ecmascript source code failed

Import trace:
  Server Component:
    ./src/components/shell/search-command.tsx
    ./src/components/shell/top-bar.tsx
    ./src/app/[locale]/(app)/layout.tsx @ http://localhost:3100/_next/static/chunks/node_modules_next_dist_1e8vcs8._.js:1052
[  212172ms] [ERROR] ./src/components/shell/search-command.tsx:255:23
Error: Expected '</', got 'jsx text'
  253 |           </CommandList>
  254 |         </Command>
> 255 |       </CommandDialog>
      |                       ^^^^^^^^^^^^^^^^^^^^^^^^^^^^^^^^^^^^^^^^^^^^^^^^^^^^^^^^^^^^^^^^^^^^^^
> 256 |     </>
      | ^^^^
  257 |   );
  258 | }
  259 |

Parsing ecmascript source code failed

Import trace:
  Server Component:
    ./src/components/shell/search-command.tsx
    ./src/components/shell/top-bar.tsx
    ./src/app/[locale]/(app)/layout.tsx @ http://localhost:3100/_next/static/chunks/node_modules_next_dist_1e8vcs8._.js:1052
[  212235ms] [ERROR] ./src/components/shell/search-command.tsx:255:23
Error: Expected '</', got 'jsx text'
  253 |           </CommandList>
  254 |         </Command>
> 255 |       </CommandDialog>
      |                       ^^^^^^^^^^^^^^^^^^^^^^^^^^^^^^^^^^^^^^^^^^^^^^^^^^^^^^^^^^^^^^^^^^^^^^
> 256 |     </>
      | ^^^^
  257 |   );
  258 | }
  259 |

Parsing ecmascript source code failed

Import trace:
  Server Component:
    ./src/components/shell/search-command.tsx
    ./src/components/shell/top-bar.tsx
    ./src/app/[locale]/(app)/layout.tsx @ http://localhost:3100/_next/static/chunks/node_modules_next_dist_1e8vcs8._.js:1052
[  212299ms] [ERROR] ./src/components/shell/search-command.tsx:255:23
Error: Expected '</', got 'jsx text'
  253 |           </CommandList>
  254 |         </Command>
> 255 |       </CommandDialog>
      |                       ^^^^^^^^^^^^^^^^^^^^^^^^^^^^^^^^^^^^^^^^^^^^^^^^^^^^^^^^^^^^^^^^^^^^^^
> 256 |     </>
      | ^^^^
  257 |   );
  258 | }
  259 |

Parsing ecmascript source code failed

Import trace:
  Server Component:
    ./src/components/shell/search-command.tsx
    ./src/components/shell/top-bar.tsx
    ./src/app/[locale]/(app)/layout.tsx @ http://localhost:3100/_next/static/chunks/node_modules_next_dist_1e8vcs8._.js:1052
[  212360ms] [ERROR] ./src/components/shell/search-command.tsx:255:23
Error: Expected '</', got 'jsx text'
  253 |           </CommandList>
  254 |         </Command>
> 255 |       </CommandDialog>
      |                       ^^^^^^^^^^^^^^^^^^^^^^^^^^^^^^^^^^^^^^^^^^^^^^^^^^^^^^^^^^^^^^^^^^^^^^
> 256 |     </>
      | ^^^^
  257 |   );
  258 | }
  259 |

Parsing ecmascript source code failed

Import trace:
  Server Component:
    ./src/components/shell/search-command.tsx
    ./src/components/shell/top-bar.tsx
    ./src/app/[locale]/(app)/layout.tsx @ http://localhost:3100/_next/static/chunks/node_modules_next_dist_1e8vcs8._.js:1052
[  212424ms] [ERROR] ./src/components/shell/search-command.tsx:255:23
Error: Expected '</', got 'jsx text'
  253 |           </CommandList>
  254 |         </Command>
> 255 |       </CommandDialog>
      |                       ^^^^^^^^^^^^^^^^^^^^^^^^^^^^^^^^^^^^^^^^^^^^^^^^^^^^^^^^^^^^^^^^^^^^^^
> 256 |     </>
      | ^^^^
  257 |   );
  258 | }
  259 |

Parsing ecmascript source code failed

Import trace:
  Server Component:
    ./src/components/shell/search-command.tsx
    ./src/components/shell/top-bar.tsx
    ./src/app/[locale]/(app)/layout.tsx @ http://localhost:3100/_next/static/chunks/node_modules_next_dist_1e8vcs8._.js:1052
[  212485ms] [ERROR] ./src/components/shell/search-command.tsx:255:23
Error: Expected '</', got 'jsx text'
  253 |           </CommandList>
  254 |         </Command>
> 255 |       </CommandDialog>
      |                       ^^^^^^^^^^^^^^^^^^^^^^^^^^^^^^^^^^^^^^^^^^^^^^^^^^^^^^^^^^^^^^^^^^^^^^
> 256 |     </>
      | ^^^^
  257 |   );
  258 | }
  259 |

Parsing ecmascript source code failed

Import trace:
  Server Component:
    ./src/components/shell/search-command.tsx
    ./src/components/shell/top-bar.tsx
    ./src/app/[locale]/(app)/layout.tsx @ http://localhost:3100/_next/static/chunks/node_modules_next_dist_1e8vcs8._.js:1052
[  212547ms] [ERROR] ./src/components/shell/search-command.tsx:255:23
Error: Expected '</', got 'jsx text'
  253 |           </CommandList>
  254 |         </Command>
> 255 |       </CommandDialog>
      |                       ^^^^^^^^^^^^^^^^^^^^^^^^^^^^^^^^^^^^^^^^^^^^^^^^^^^^^^^^^^^^^^^^^^^^^^
> 256 |     </>
      | ^^^^
  257 |   );
  258 | }
  259 |

Parsing ecmascript source code failed

Import trace:
  Server Component:
    ./src/components/shell/search-command.tsx
    ./src/components/shell/top-bar.tsx
    ./src/app/[locale]/(app)/layout.tsx @ http://localhost:3100/_next/static/chunks/node_modules_next_dist_1e8vcs8._.js:1052
[  212610ms] [ERROR] ./src/components/shell/search-command.tsx:255:23
Error: Expected '</', got 'jsx text'
  253 |           </CommandList>
  254 |         </Command>
> 255 |       </CommandDialog>
      |                       ^^^^^^^^^^^^^^^^^^^^^^^^^^^^^^^^^^^^^^^^^^^^^^^^^^^^^^^^^^^^^^^^^^^^^^
> 256 |     </>
      | ^^^^
  257 |   );
  258 | }
  259 |

Parsing ecmascript source code failed

Import trace:
  Server Component:
    ./src/components/shell/search-command.tsx
    ./src/components/shell/top-bar.tsx
    ./src/app/[locale]/(app)/layout.tsx @ http://localhost:3100/_next/static/chunks/node_modules_next_dist_1e8vcs8._.js:1052
[  212671ms] [ERROR] ./src/components/shell/search-command.tsx:255:23
Error: Expected '</', got 'jsx text'
  253 |           </CommandList>
  254 |         </Command>
> 255 |       </CommandDialog>
      |                       ^^^^^^^^^^^^^^^^^^^^^^^^^^^^^^^^^^^^^^^^^^^^^^^^^^^^^^^^^^^^^^^^^^^^^^
> 256 |     </>
      | ^^^^
  257 |   );
  258 | }
  259 |

Parsing ecmascript source code failed

Import trace:
  Server Component:
    ./src/components/shell/search-command.tsx
    ./src/components/shell/top-bar.tsx
    ./src/app/[locale]/(app)/layout.tsx @ http://localhost:3100/_next/static/chunks/node_modules_next_dist_1e8vcs8._.js:1052
[  212734ms] [ERROR] ./src/components/shell/search-command.tsx:255:23
Error: Expected '</', got 'jsx text'
  253 |           </CommandList>
  254 |         </Command>
> 255 |       </CommandDialog>
      |                       ^^^^^^^^^^^^^^^^^^^^^^^^^^^^^^^^^^^^^^^^^^^^^^^^^^^^^^^^^^^^^^^^^^^^^^
> 256 |     </>
      | ^^^^
  257 |   );
  258 | }
  259 |

Parsing ecmascript source code failed

Import trace:
  Server Component:
    ./src/components/shell/search-command.tsx
    ./src/components/shell/top-bar.tsx
    ./src/app/[locale]/(app)/layout.tsx @ http://localhost:3100/_next/static/chunks/node_modules_next_dist_1e8vcs8._.js:1052
[  212796ms] [ERROR] ./src/components/shell/search-command.tsx:255:23
Error: Expected '</', got 'jsx text'
  253 |           </CommandList>
  254 |         </Command>
> 255 |       </CommandDialog>
      |                       ^^^^^^^^^^^^^^^^^^^^^^^^^^^^^^^^^^^^^^^^^^^^^^^^^^^^^^^^^^^^^^^^^^^^^^
> 256 |     </>
      | ^^^^
  257 |   );
  258 | }
  259 |

Parsing ecmascript source code failed

Import trace:
  Server Component:
    ./src/components/shell/search-command.tsx
    ./src/components/shell/top-bar.tsx
    ./src/app/[locale]/(app)/layout.tsx @ http://localhost:3100/_next/static/chunks/node_modules_next_dist_1e8vcs8._.js:1052
[  212859ms] [ERROR] ./src/components/shell/search-command.tsx:255:23
Error: Expected '</', got 'jsx text'
  253 |           </CommandList>
  254 |         </Command>
> 255 |       </CommandDialog>
      |                       ^^^^^^^^^^^^^^^^^^^^^^^^^^^^^^^^^^^^^^^^^^^^^^^^^^^^^^^^^^^^^^^^^^^^^^
> 256 |     </>
      | ^^^^
  257 |   );
  258 | }
  259 |

Parsing ecmascript source code failed

Import trace:
  Server Component:
    ./src/components/shell/search-command.tsx
    ./src/components/shell/top-bar.tsx
    ./src/app/[locale]/(app)/layout.tsx @ http://localhost:3100/_next/static/chunks/node_modules_next_dist_1e8vcs8._.js:1052
[  212921ms] [ERROR] ./src/components/shell/search-command.tsx:255:23
Error: Expected '</', got 'jsx text'
  253 |           </CommandList>
  254 |         </Command>
> 255 |       </CommandDialog>
      |                       ^^^^^^^^^^^^^^^^^^^^^^^^^^^^^^^^^^^^^^^^^^^^^^^^^^^^^^^^^^^^^^^^^^^^^^
> 256 |     </>
      | ^^^^
  257 |   );
  258 | }
  259 |

Parsing ecmascript source code failed

Import trace:
  Server Component:
    ./src/components/shell/search-command.tsx
    ./src/components/shell/top-bar.tsx
    ./src/app/[locale]/(app)/layout.tsx @ http://localhost:3100/_next/static/chunks/node_modules_next_dist_1e8vcs8._.js:1052
[  212982ms] [ERROR] ./src/components/shell/search-command.tsx:255:23
Error: Expected '</', got 'jsx text'
  253 |           </CommandList>
  254 |         </Command>
> 255 |       </CommandDialog>
      |                       ^^^^^^^^^^^^^^^^^^^^^^^^^^^^^^^^^^^^^^^^^^^^^^^^^^^^^^^^^^^^^^^^^^^^^^
> 256 |     </>
      | ^^^^
  257 |   );
  258 | }
  259 |

Parsing ecmascript source code failed

Import trace:
  Server Component:
    ./src/components/shell/search-command.tsx
    ./src/components/shell/top-bar.tsx
    ./src/app/[locale]/(app)/layout.tsx @ http://localhost:3100/_next/static/chunks/node_modules_next_dist_1e8vcs8._.js:1052
[  213046ms] [ERROR] ./src/components/shell/search-command.tsx:255:23
Error: Expected '</', got 'jsx text'
  253 |           </CommandList>
  254 |         </Command>
> 255 |       </CommandDialog>
      |                       ^^^^^^^^^^^^^^^^^^^^^^^^^^^^^^^^^^^^^^^^^^^^^^^^^^^^^^^^^^^^^^^^^^^^^^
> 256 |     </>
      | ^^^^
  257 |   );
  258 | }
  259 |

Parsing ecmascript source code failed

Import trace:
  Server Component:
    ./src/components/shell/search-command.tsx
    ./src/components/shell/top-bar.tsx
    ./src/app/[locale]/(app)/layout.tsx @ http://localhost:3100/_next/static/chunks/node_modules_next_dist_1e8vcs8._.js:1052
[  213208ms] [LOG] [Fast Refresh] rebuilding @ http://localhost:3100/_next/static/chunks/node_modules_next_dist_1e8vcs8._.js:776
[  213209ms] [LOG] [Fast Refresh] done in 7ms @ http://localhost:3100/_next/static/chunks/node_modules_next_dist_1e8vcs8._.js:776
[  213264ms] [LOG] [Fast Refresh] done in 7ms @ http://localhost:3100/_next/static/chunks/node_modules_next_dist_1e8vcs8._.js:776
[  213326ms] [LOG] [Fast Refresh] done in 7ms @ http://localhost:3100/_next/static/chunks/node_modules_next_dist_1e8vcs8._.js:776
[  213386ms] [LOG] [Fast Refresh] done in 7ms @ http://localhost:3100/_next/static/chunks/node_modules_next_dist_1e8vcs8._.js:776
[  213449ms] [LOG] [Fast Refresh] done in 7ms @ http://localhost:3100/_next/static/chunks/node_modules_next_dist_1e8vcs8._.js:776
[  213511ms] [LOG] [Fast Refresh] done in 7ms @ http://localhost:3100/_next/static/chunks/node_modules_next_dist_1e8vcs8._.js:776
[  213574ms] [LOG] [Fast Refresh] done in 7ms @ http://localhost:3100/_next/static/chunks/node_modules_next_dist_1e8vcs8._.js:776
[  213638ms] [LOG] [Fast Refresh] done in 7ms @ http://localhost:3100/_next/static/chunks/node_modules_next_dist_1e8vcs8._.js:776
[  213701ms] [LOG] [Fast Refresh] done in 7ms @ http://localhost:3100/_next/static/chunks/node_modules_next_dist_1e8vcs8._.js:776
[  213763ms] [LOG] [Fast Refresh] done in 7ms @ http://localhost:3100/_next/static/chunks/node_modules_next_dist_1e8vcs8._.js:776
[  213825ms] [LOG] [Fast Refresh] done in 7ms @ http://localhost:3100/_next/static/chunks/node_modules_next_dist_1e8vcs8._.js:776
[  213887ms] [LOG] [Fast Refresh] done in 7ms @ http://localhost:3100/_next/static/chunks/node_modules_next_dist_1e8vcs8._.js:776
[  213950ms] [LOG] [Fast Refresh] done in 7ms @ http://localhost:3100/_next/static/chunks/node_modules_next_dist_1e8vcs8._.js:776
[  214012ms] [LOG] [Fast Refresh] done in 7ms @ http://localhost:3100/_next/static/chunks/node_modules_next_dist_1e8vcs8._.js:776
[  214106ms] [LOG] [Fast Refresh] done in 7ms @ http://localhost:3100/_next/static/chunks/node_modules_next_dist_1e8vcs8._.js:776
[  214168ms] [LOG] [Fast Refresh] done in 7ms @ http://localhost:3100/_next/static/chunks/node_modules_next_dist_1e8vcs8._.js:776
[  214230ms] [LOG] [Fast Refresh] done in 7ms @ http://localhost:3100/_next/static/chunks/node_modules_next_dist_1e8vcs8._.js:776
[  214292ms] [LOG] [Fast Refresh] done in 7ms @ http://localhost:3100/_next/static/chunks/node_modules_next_dist_1e8vcs8._.js:776
[  214354ms] [LOG] [Fast Refresh] done in 7ms @ http://localhost:3100/_next/static/chunks/node_modules_next_dist_1e8vcs8._.js:776
[  214416ms] [LOG] [Fast Refresh] done in 7ms @ http://localhost:3100/_next/static/chunks/node_modules_next_dist_1e8vcs8._.js:776
[  214479ms] [LOG] [Fast Refresh] done in 7ms @ http://localhost:3100/_next/static/chunks/node_modules_next_dist_1e8vcs8._.js:776
[  214541ms] [LOG] [Fast Refresh] done in 7ms @ http://localhost:3100/_next/static/chunks/node_modules_next_dist_1e8vcs8._.js:776
[  214589ms] [LOG] [Fast Refresh] done in 7ms @ http://localhost:3100/_next/static/chunks/node_modules_next_dist_1e8vcs8._.js:776
[  214653ms] [LOG] [Fast Refresh] done in 7ms @ http://localhost:3100/_next/static/chunks/node_modules_next_dist_1e8vcs8._.js:776
[  214719ms] [LOG] [Fast Refresh] done in 7ms @ http://localhost:3100/_next/static/chunks/node_modules_next_dist_1e8vcs8._.js:776
[  214778ms] [LOG] [Fast Refresh] done in 7ms @ http://localhost:3100/_next/static/chunks/node_modules_next_dist_1e8vcs8._.js:776
[  214871ms] [LOG] [Fast Refresh] done in 7ms @ http://localhost:3100/_next/static/chunks/node_modules_next_dist_1e8vcs8._.js:776
[  214916ms] [LOG] [Fast Refresh] done in 7ms @ http://localhost:3100/_next/static/chunks/node_modules_next_dist_1e8vcs8._.js:776
[  214978ms] [LOG] [Fast Refresh] done in 7ms @ http://localhost:3100/_next/static/chunks/node_modules_next_dist_1e8vcs8._.js:776
[  215041ms] [LOG] [Fast Refresh] done in 7ms @ http://localhost:3100/_next/static/chunks/node_modules_next_dist_1e8vcs8._.js:776
[  215103ms] [LOG] [Fast Refresh] done in 7ms @ http://localhost:3100/_next/static/chunks/node_modules_next_dist_1e8vcs8._.js:776
[  215182ms] [LOG] [Fast Refresh] done in 7ms @ http://localhost:3100/_next/static/chunks/node_modules_next_dist_1e8vcs8._.js:776
[  215246ms] [LOG] [Fast Refresh] done in 7ms @ http://localhost:3100/_next/static/chunks/node_modules_next_dist_1e8vcs8._.js:776
[  215307ms] [LOG] [Fast Refresh] done in 7ms @ http://localhost:3100/_next/static/chunks/node_modules_next_dist_1e8vcs8._.js:776
[  215369ms] [LOG] [Fast Refresh] done in 7ms @ http://localhost:3100/_next/static/chunks/node_modules_next_dist_1e8vcs8._.js:776
[  215432ms] [LOG] [Fast Refresh] done in 7ms @ http://localhost:3100/_next/static/chunks/node_modules_next_dist_1e8vcs8._.js:776
[  215496ms] [LOG] [Fast Refresh] done in 7ms @ http://localhost:3100/_next/static/chunks/node_modules_next_dist_1e8vcs8._.js:776
[  215559ms] [LOG] [Fast Refresh] done in 7ms @ http://localhost:3100/_next/static/chunks/node_modules_next_dist_1e8vcs8._.js:776
[  215622ms] [LOG] [Fast Refresh] done in 7ms @ http://localhost:3100/_next/static/chunks/node_modules_next_dist_1e8vcs8._.js:776
[  215685ms] [LOG] [Fast Refresh] done in 7ms @ http://localhost:3100/_next/static/chunks/node_modules_next_dist_1e8vcs8._.js:776
[  215748ms] [LOG] [Fast Refresh] done in 7ms @ http://localhost:3100/_next/static/chunks/node_modules_next_dist_1e8vcs8._.js:776
[  215810ms] [LOG] [Fast Refresh] done in 7ms @ http://localhost:3100/_next/static/chunks/node_modules_next_dist_1e8vcs8._.js:776
[  215873ms] [LOG] [Fast Refresh] done in 7ms @ http://localhost:3100/_next/static/chunks/node_modules_next_dist_1e8vcs8._.js:776
[  215937ms] [LOG] [Fast Refresh] done in 7ms @ http://localhost:3100/_next/static/chunks/node_modules_next_dist_1e8vcs8._.js:776
[  216001ms] [LOG] [Fast Refresh] done in 7ms @ http://localhost:3100/_next/static/chunks/node_modules_next_dist_1e8vcs8._.js:776
[  216064ms] [LOG] [Fast Refresh] done in 7ms @ http://localhost:3100/_next/static/chunks/node_modules_next_dist_1e8vcs8._.js:776
[  216127ms] [LOG] [Fast Refresh] done in 7ms @ http://localhost:3100/_next/static/chunks/node_modules_next_dist_1e8vcs8._.js:776
[  216188ms] [LOG] [Fast Refresh] done in 7ms @ http://localhost:3100/_next/static/chunks/node_modules_next_dist_1e8vcs8._.js:776
[  216252ms] [LOG] [Fast Refresh] done in 7ms @ http://localhost:3100/_next/static/chunks/node_modules_next_dist_1e8vcs8._.js:776
[  216315ms] [LOG] [Fast Refresh] done in 7ms @ http://localhost:3100/_next/static/chunks/node_modules_next_dist_1e8vcs8._.js:776
[  216391ms] [LOG] [Fast Refresh] done in 7ms @ http://localhost:3100/_next/static/chunks/node_modules_next_dist_1e8vcs8._.js:776
[  216442ms] [LOG] [Fast Refresh] done in 7ms @ http://localhost:3100/_next/static/chunks/node_modules_next_dist_1e8vcs8._.js:776
[  216503ms] [LOG] [Fast Refresh] done in 7ms @ http://localhost:3100/_next/static/chunks/node_modules_next_dist_1e8vcs8._.js:776
[  216585ms] [LOG] [Fast Refresh] done in 7ms @ http://localhost:3100/_next/static/chunks/node_modules_next_dist_1e8vcs8._.js:776
[  216645ms] [LOG] [Fast Refresh] done in 7ms @ http://localhost:3100/_next/static/chunks/node_modules_next_dist_1e8vcs8._.js:776
[  216707ms] [LOG] [Fast Refresh] done in 7ms @ http://localhost:3100/_next/static/chunks/node_modules_next_dist_1e8vcs8._.js:776
[  216801ms] [LOG] [Fast Refresh] done in 7ms @ http://localhost:3100/_next/static/chunks/node_modules_next_dist_1e8vcs8._.js:776
[  216878ms] [LOG] [Fast Refresh] done in 7ms @ http://localhost:3100/_next/static/chunks/node_modules_next_dist_1e8vcs8._.js:776
[  216941ms] [LOG] [Fast Refresh] done in 7ms @ http://localhost:3100/_next/static/chunks/node_modules_next_dist_1e8vcs8._.js:776
[  217002ms] [LOG] [Fast Refresh] done in 7ms @ http://localhost:3100/_next/static/chunks/node_modules_next_dist_1e8vcs8._.js:776
[  217065ms] [LOG] [Fast Refresh] done in 7ms @ http://localhost:3100/_next/static/chunks/node_modules_next_dist_1e8vcs8._.js:776
[  217128ms] [LOG] [Fast Refresh] done in 7ms @ http://localhost:3100/_next/static/chunks/node_modules_next_dist_1e8vcs8._.js:776
[  217192ms] [LOG] [Fast Refresh] done in 7ms @ http://localhost:3100/_next/static/chunks/node_modules_next_dist_1e8vcs8._.js:776
[  217257ms] [LOG] [Fast Refresh] done in 7ms @ http://localhost:3100/_next/static/chunks/node_modules_next_dist_1e8vcs8._.js:776
[  217316ms] [LOG] [Fast Refresh] done in 7ms @ http://localhost:3100/_next/static/chunks/node_modules_next_dist_1e8vcs8._.js:776
[  217378ms] [LOG] [Fast Refresh] done in 7ms @ http://localhost:3100/_next/static/chunks/node_modules_next_dist_1e8vcs8._.js:776
[  217441ms] [LOG] [Fast Refresh] done in 7ms @ http://localhost:3100/_next/static/chunks/node_modules_next_dist_1e8vcs8._.js:776
[  217502ms] [LOG] [Fast Refresh] done in 7ms @ http://localhost:3100/_next/static/chunks/node_modules_next_dist_1e8vcs8._.js:776
[  217565ms] [LOG] [Fast Refresh] done in 7ms @ http://localhost:3100/_next/static/chunks/node_modules_next_dist_1e8vcs8._.js:776
[  217628ms] [LOG] [Fast Refresh] done in 7ms @ http://localhost:3100/_next/static/chunks/node_modules_next_dist_1e8vcs8._.js:776
[  217692ms] [LOG] [Fast Refresh] done in 7ms @ http://localhost:3100/_next/static/chunks/node_modules_next_dist_1e8vcs8._.js:776
[  217754ms] [LOG] [Fast Refresh] done in 7ms @ http://localhost:3100/_next/static/chunks/node_modules_next_dist_1e8vcs8._.js:776
[  217831ms] [LOG] [Fast Refresh] done in 7ms @ http://localhost:3100/_next/static/chunks/node_modules_next_dist_1e8vcs8._.js:776
[  217893ms] [LOG] [Fast Refresh] done in 7ms @ http://localhost:3100/_next/static/chunks/node_modules_next_dist_1e8vcs8._.js:776
[  217955ms] [LOG] [Fast Refresh] done in 7ms @ http://localhost:3100/_next/static/chunks/node_modules_next_dist_1e8vcs8._.js:776
[  218016ms] [LOG] [Fast Refresh] done in 7ms @ http://localhost:3100/_next/static/chunks/node_modules_next_dist_1e8vcs8._.js:776
[  218080ms] [LOG] [Fast Refresh] done in 7ms @ http://localhost:3100/_next/static/chunks/node_modules_next_dist_1e8vcs8._.js:776
[  218142ms] [LOG] [Fast Refresh] done in 7ms @ http://localhost:3100/_next/static/chunks/node_modules_next_dist_1e8vcs8._.js:776
[  218204ms] [LOG] [Fast Refresh] done in 7ms @ http://localhost:3100/_next/static/chunks/node_modules_next_dist_1e8vcs8._.js:776
[  218268ms] [LOG] [Fast Refresh] done in 7ms @ http://localhost:3100/_next/static/chunks/node_modules_next_dist_1e8vcs8._.js:776
[  218330ms] [LOG] [Fast Refresh] done in 7ms @ http://localhost:3100/_next/static/chunks/node_modules_next_dist_1e8vcs8._.js:776
[  218394ms] [LOG] [Fast Refresh] done in 7ms @ http://localhost:3100/_next/static/chunks/node_modules_next_dist_1e8vcs8._.js:776
[  218460ms] [LOG] [Fast Refresh] done in 7ms @ http://localhost:3100/_next/static/chunks/node_modules_next_dist_1e8vcs8._.js:776
[  218519ms] [LOG] [Fast Refresh] done in 7ms @ http://localhost:3100/_next/static/chunks/node_modules_next_dist_1e8vcs8._.js:776
[  218580ms] [LOG] [Fast Refresh] done in 7ms @ http://localhost:3100/_next/static/chunks/node_modules_next_dist_1e8vcs8._.js:776
[  218642ms] [LOG] [Fast Refresh] done in 7ms @ http://localhost:3100/_next/static/chunks/node_modules_next_dist_1e8vcs8._.js:776
[  218705ms] [LOG] [Fast Refresh] done in 7ms @ http://localhost:3100/_next/static/chunks/node_modules_next_dist_1e8vcs8._.js:776
[  218768ms] [LOG] [Fast Refresh] done in 7ms @ http://localhost:3100/_next/static/chunks/node_modules_next_dist_1e8vcs8._.js:776
[  218846ms] [LOG] [Fast Refresh] done in 7ms @ http://localhost:3100/_next/static/chunks/node_modules_next_dist_1e8vcs8._.js:776
[  218908ms] [LOG] [Fast Refresh] done in 7ms @ http://localhost:3100/_next/static/chunks/node_modules_next_dist_1e8vcs8._.js:776
[  218970ms] [LOG] [Fast Refresh] done in 7ms @ http://localhost:3100/_next/static/chunks/node_modules_next_dist_1e8vcs8._.js:776
[  219031ms] [LOG] [Fast Refresh] done in 7ms @ http://localhost:3100/_next/static/chunks/node_modules_next_dist_1e8vcs8._.js:776
[  219094ms] [LOG] [Fast Refresh] done in 7ms @ http://localhost:3100/_next/static/chunks/node_modules_next_dist_1e8vcs8._.js:776
[  219162ms] [LOG] [Fast Refresh] done in 7ms @ http://localhost:3100/_next/static/chunks/node_modules_next_dist_1e8vcs8._.js:776
[  219219ms] [LOG] [Fast Refresh] done in 7ms @ http://localhost:3100/_next/static/chunks/node_modules_next_dist_1e8vcs8._.js:776
[  219282ms] [LOG] [Fast Refresh] done in 7ms @ http://localhost:3100/_next/static/chunks/node_modules_next_dist_1e8vcs8._.js:776
[  219344ms] [LOG] [Fast Refresh] done in 7ms @ http://localhost:3100/_next/static/chunks/node_modules_next_dist_1e8vcs8._.js:776
[  219408ms] [LOG] [Fast Refresh] done in 7ms @ http://localhost:3100/_next/static/chunks/node_modules_next_dist_1e8vcs8._.js:776
[  219470ms] [LOG] [Fast Refresh] done in 7ms @ http://localhost:3100/_next/static/chunks/node_modules_next_dist_1e8vcs8._.js:776
[  219533ms] [LOG] [Fast Refresh] done in 7ms @ http://localhost:3100/_next/static/chunks/node_modules_next_dist_1e8vcs8._.js:776
[  219595ms] [LOG] [Fast Refresh] done in 7ms @ http://localhost:3100/_next/static/chunks/node_modules_next_dist_1e8vcs8._.js:776
[  219658ms] [LOG] [Fast Refresh] done in 7ms @ http://localhost:3100/_next/static/chunks/node_modules_next_dist_1e8vcs8._.js:776
[  308744ms] [LOG] [Fast Refresh] done in 7516ms @ http://localhost:3100/_next/static/chunks/node_modules_next_dist_1e8vcs8._.js:776
[  308807ms] [LOG] [Fast Refresh] done in 7516ms @ http://localhost:3100/_next/static/chunks/node_modules_next_dist_1e8vcs8._.js:776
[  308869ms] [LOG] [Fast Refresh] done in 7516ms @ http://localhost:3100/_next/static/chunks/node_modules_next_dist_1e8vcs8._.js:776
[  308932ms] [LOG] [Fast Refresh] done in 7516ms @ http://localhost:3100/_next/static/chunks/node_modules_next_dist_1e8vcs8._.js:776
[  308994ms] [LOG] [Fast Refresh] done in 7516ms @ http://localhost:3100/_next/static/chunks/node_modules_next_dist_1e8vcs8._.js:776
[  309057ms] [LOG] [Fast Refresh] done in 7516ms @ http://localhost:3100/_next/static/chunks/node_modules_next_dist_1e8vcs8._.js:776
[  309122ms] [LOG] [Fast Refresh] done in 7516ms @ http://localhost:3100/_next/static/chunks/node_modules_next_dist_1e8vcs8._.js:776
[  309183ms] [LOG] [Fast Refresh] done in 7516ms @ http://localhost:3100/_next/static/chunks/node_modules_next_dist_1e8vcs8._.js:776
[  309246ms] [LOG] [Fast Refresh] done in 7516ms @ http://localhost:3100/_next/static/chunks/node_modules_next_dist_1e8vcs8._.js:776
[  309309ms] [LOG] [Fast Refresh] done in 7516ms @ http://localhost:3100/_next/static/chunks/node_modules_next_dist_1e8vcs8._.js:776
[  309370ms] [LOG] [Fast Refresh] done in 7516ms @ http://localhost:3100/_next/static/chunks/node_modules_next_dist_1e8vcs8._.js:776
[  309433ms] [LOG] [Fast Refresh] done in 7516ms @ http://localhost:3100/_next/static/chunks/node_modules_next_dist_1e8vcs8._.js:776
[  309494ms] [LOG] [Fast Refresh] done in 7516ms @ http://localhost:3100/_next/static/chunks/node_modules_next_dist_1e8vcs8._.js:776
[  309557ms] [LOG] [Fast Refresh] done in 7516ms @ http://localhost:3100/_next/static/chunks/node_modules_next_dist_1e8vcs8._.js:776
[  309619ms] [LOG] [Fast Refresh] done in 7516ms @ http://localhost:3100/_next/static/chunks/node_modules_next_dist_1e8vcs8._.js:776
[  309681ms] [LOG] [Fast Refresh] done in 7516ms @ http://localhost:3100/_next/static/chunks/node_modules_next_dist_1e8vcs8._.js:776
[  309742ms] [LOG] [Fast Refresh] done in 7516ms @ http://localhost:3100/_next/static/chunks/node_modules_next_dist_1e8vcs8._.js:776
[  309803ms] [LOG] [Fast Refresh] done in 7516ms @ http://localhost:3100/_next/static/chunks/node_modules_next_dist_1e8vcs8._.js:776
[  309865ms] [LOG] [Fast Refresh] done in 7516ms @ http://localhost:3100/_next/static/chunks/node_modules_next_dist_1e8vcs8._.js:776
[  309927ms] [LOG] [Fast Refresh] done in 7516ms @ http://localhost:3100/_next/static/chunks/node_modules_next_dist_1e8vcs8._.js:776
[  309992ms] [LOG] [Fast Refresh] done in 7516ms @ http://localhost:3100/_next/static/chunks/node_modules_next_dist_1e8vcs8._.js:776
[  310052ms] [LOG] [Fast Refresh] done in 7516ms @ http://localhost:3100/_next/static/chunks/node_modules_next_dist_1e8vcs8._.js:776
[  310115ms] [LOG] [Fast Refresh] done in 7516ms @ http://localhost:3100/_next/static/chunks/node_modules_next_dist_1e8vcs8._.js:776
[  310177ms] [LOG] [Fast Refresh] done in 7516ms @ http://localhost:3100/_next/static/chunks/node_modules_next_dist_1e8vcs8._.js:776
[  310241ms] [LOG] [Fast Refresh] done in 7516ms @ http://localhost:3100/_next/static/chunks/node_modules_next_dist_1e8vcs8._.js:776
[  310301ms] [LOG] [Fast Refresh] done in 7516ms @ http://localhost:3100/_next/static/chunks/node_modules_next_dist_1e8vcs8._.js:776
[  310363ms] [LOG] [Fast Refresh] done in 7516ms @ http://localhost:3100/_next/static/chunks/node_modules_next_dist_1e8vcs8._.js:776
[  310412ms] [LOG] [Fast Refresh] done in 7516ms @ http://localhost:3100/_next/static/chunks/node_modules_next_dist_1e8vcs8._.js:776
[  310474ms] [LOG] [Fast Refresh] done in 7516ms @ http://localhost:3100/_next/static/chunks/node_modules_next_dist_1e8vcs8._.js:776
[  310538ms] [LOG] [Fast Refresh] done in 7516ms @ http://localhost:3100/_next/static/chunks/node_modules_next_dist_1e8vcs8._.js:776
[  310601ms] [LOG] [Fast Refresh] done in 7516ms @ http://localhost:3100/_next/static/chunks/node_modules_next_dist_1e8vcs8._.js:776
[  310663ms] [LOG] [Fast Refresh] done in 7516ms @ http://localhost:3100/_next/static/chunks/node_modules_next_dist_1e8vcs8._.js:776
[  310726ms] [LOG] [Fast Refresh] done in 7516ms @ http://localhost:3100/_next/static/chunks/node_modules_next_dist_1e8vcs8._.js:776
[  310788ms] [LOG] [Fast Refresh] done in 7516ms @ http://localhost:3100/_next/static/chunks/node_modules_next_dist_1e8vcs8._.js:776
[  310851ms] [LOG] [Fast Refresh] done in 7516ms @ http://localhost:3100/_next/static/chunks/node_modules_next_dist_1e8vcs8._.js:776
[  310913ms] [LOG] [Fast Refresh] done in 7516ms @ http://localhost:3100/_next/static/chunks/node_modules_next_dist_1e8vcs8._.js:776
[  310976ms] [LOG] [Fast Refresh] done in 7516ms @ http://localhost:3100/_next/static/chunks/node_modules_next_dist_1e8vcs8._.js:776
[  311037ms] [LOG] [Fast Refresh] done in 7516ms @ http://localhost:3100/_next/static/chunks/node_modules_next_dist_1e8vcs8._.js:776
[  311100ms] [LOG] [Fast Refresh] done in 7516ms @ http://localhost:3100/_next/static/chunks/node_modules_next_dist_1e8vcs8._.js:776
[  311162ms] [LOG] [Fast Refresh] done in 7516ms @ http://localhost:3100/_next/static/chunks/node_modules_next_dist_1e8vcs8._.js:776
[  311225ms] [LOG] [Fast Refresh] done in 7516ms @ http://localhost:3100/_next/static/chunks/node_modules_next_dist_1e8vcs8._.js:776
[  311287ms] [LOG] [Fast Refresh] done in 7516ms @ http://localhost:3100/_next/static/chunks/node_modules_next_dist_1e8vcs8._.js:776
[  311349ms] [LOG] [Fast Refresh] done in 7516ms @ http://localhost:3100/_next/static/chunks/node_modules_next_dist_1e8vcs8._.js:776
[  311412ms] [LOG] [Fast Refresh] done in 7516ms @ http://localhost:3100/_next/static/chunks/node_modules_next_dist_1e8vcs8._.js:776
[  311472ms] [LOG] [Fast Refresh] done in 7516ms @ http://localhost:3100/_next/static/chunks/node_modules_next_dist_1e8vcs8._.js:776
[  311535ms] [LOG] [Fast Refresh] done in 7516ms @ http://localhost:3100/_next/static/chunks/node_modules_next_dist_1e8vcs8._.js:776
[  311596ms] [LOG] [Fast Refresh] done in 7516ms @ http://localhost:3100/_next/static/chunks/node_modules_next_dist_1e8vcs8._.js:776
[  311661ms] [LOG] [Fast Refresh] done in 7516ms @ http://localhost:3100/_next/static/chunks/node_modules_next_dist_1e8vcs8._.js:776
[  311753ms] [LOG] [Fast Refresh] done in 7516ms @ http://localhost:3100/_next/static/chunks/node_modules_next_dist_1e8vcs8._.js:776
[  311817ms] [LOG] [Fast Refresh] done in 7516ms @ http://localhost:3100/_next/static/chunks/node_modules_next_dist_1e8vcs8._.js:776
[  311880ms] [LOG] [Fast Refresh] done in 7516ms @ http://localhost:3100/_next/static/chunks/node_modules_next_dist_1e8vcs8._.js:776
[  311944ms] [LOG] [Fast Refresh] done in 7516ms @ http://localhost:3100/_next/static/chunks/node_modules_next_dist_1e8vcs8._.js:776
[  312004ms] [LOG] [Fast Refresh] done in 7516ms @ http://localhost:3100/_next/static/chunks/node_modules_next_dist_1e8vcs8._.js:776
[  312069ms] [LOG] [Fast Refresh] done in 7516ms @ http://localhost:3100/_next/static/chunks/node_modules_next_dist_1e8vcs8._.js:776
[  312130ms] [LOG] [Fast Refresh] done in 7516ms @ http://localhost:3100/_next/static/chunks/node_modules_next_dist_1e8vcs8._.js:776
[  312193ms] [LOG] [Fast Refresh] done in 7516ms @ http://localhost:3100/_next/static/chunks/node_modules_next_dist_1e8vcs8._.js:776
[  312255ms] [LOG] [Fast Refresh] done in 7516ms @ http://localhost:3100/_next/static/chunks/node_modules_next_dist_1e8vcs8._.js:776
[  312317ms] [LOG] [Fast Refresh] done in 7516ms @ http://localhost:3100/_next/static/chunks/node_modules_next_dist_1e8vcs8._.js:776
[  312380ms] [LOG] [Fast Refresh] done in 7516ms @ http://localhost:3100/_next/static/chunks/node_modules_next_dist_1e8vcs8._.js:776
[  312443ms] [LOG] [Fast Refresh] done in 7516ms @ http://localhost:3100/_next/static/chunks/node_modules_next_dist_1e8vcs8._.js:776
[  312505ms] [LOG] [Fast Refresh] done in 7516ms @ http://localhost:3100/_next/static/chunks/node_modules_next_dist_1e8vcs8._.js:776
[  312567ms] [LOG] [Fast Refresh] done in 7516ms @ http://localhost:3100/_next/static/chunks/node_modules_next_dist_1e8vcs8._.js:776
[  312628ms] [LOG] [Fast Refresh] done in 7516ms @ http://localhost:3100/_next/static/chunks/node_modules_next_dist_1e8vcs8._.js:776
[  312692ms] [LOG] [Fast Refresh] done in 7516ms @ http://localhost:3100/_next/static/chunks/node_modules_next_dist_1e8vcs8._.js:776
[  312753ms] [LOG] [Fast Refresh] done in 7516ms @ http://localhost:3100/_next/static/chunks/node_modules_next_dist_1e8vcs8._.js:776
[  312815ms] [LOG] [Fast Refresh] done in 7516ms @ http://localhost:3100/_next/static/chunks/node_modules_next_dist_1e8vcs8._.js:776
[  312878ms] [LOG] [Fast Refresh] done in 7516ms @ http://localhost:3100/_next/static/chunks/node_modules_next_dist_1e8vcs8._.js:776
[  312941ms] [LOG] [Fast Refresh] done in 7516ms @ http://localhost:3100/_next/static/chunks/node_modules_next_dist_1e8vcs8._.js:776
[  313005ms] [LOG] [Fast Refresh] done in 7516ms @ http://localhost:3100/_next/static/chunks/node_modules_next_dist_1e8vcs8._.js:776
[  313067ms] [LOG] [Fast Refresh] done in 7516ms @ http://localhost:3100/_next/static/chunks/node_modules_next_dist_1e8vcs8._.js:776
[  313130ms] [LOG] [Fast Refresh] done in 7516ms @ http://localhost:3100/_next/static/chunks/node_modules_next_dist_1e8vcs8._.js:776
[  313193ms] [LOG] [Fast Refresh] done in 7516ms @ http://localhost:3100/_next/static/chunks/node_modules_next_dist_1e8vcs8._.js:776
[  313254ms] [LOG] [Fast Refresh] done in 7516ms @ http://localhost:3100/_next/static/chunks/node_modules_next_dist_1e8vcs8._.js:776
[  313317ms] [LOG] [Fast Refresh] done in 7516ms @ http://localhost:3100/_next/static/chunks/node_modules_next_dist_1e8vcs8._.js:776
[  313379ms] [LOG] [Fast Refresh] done in 7516ms @ http://localhost:3100/_next/static/chunks/node_modules_next_dist_1e8vcs8._.js:776
[  313441ms] [LOG] [Fast Refresh] done in 7516ms @ http://localhost:3100/_next/static/chunks/node_modules_next_dist_1e8vcs8._.js:776
[  313504ms] [LOG] [Fast Refresh] done in 7516ms @ http://localhost:3100/_next/static/chunks/node_modules_next_dist_1e8vcs8._.js:776
[  313566ms] [LOG] [Fast Refresh] done in 7516ms @ http://localhost:3100/_next/static/chunks/node_modules_next_dist_1e8vcs8._.js:776
[  313630ms] [LOG] [Fast Refresh] done in 7516ms @ http://localhost:3100/_next/static/chunks/node_modules_next_dist_1e8vcs8._.js:776
[  313693ms] [LOG] [Fast Refresh] done in 7516ms @ http://localhost:3100/_next/static/chunks/node_modules_next_dist_1e8vcs8._.js:776
[  313754ms] [LOG] [Fast Refresh] done in 7516ms @ http://localhost:3100/_next/static/chunks/node_modules_next_dist_1e8vcs8._.js:776
[  313816ms] [LOG] [Fast Refresh] done in 7516ms @ http://localhost:3100/_next/static/chunks/node_modules_next_dist_1e8vcs8._.js:776
[  313878ms] [LOG] [Fast Refresh] done in 7516ms @ http://localhost:3100/_next/static/chunks/node_modules_next_dist_1e8vcs8._.js:776
[  313939ms] [LOG] [Fast Refresh] done in 7516ms @ http://localhost:3100/_next/static/chunks/node_modules_next_dist_1e8vcs8._.js:776
[  314002ms] [LOG] [Fast Refresh] done in 7516ms @ http://localhost:3100/_next/static/chunks/node_modules_next_dist_1e8vcs8._.js:776
[  314050ms] [LOG] [Fast Refresh] done in 7516ms @ http://localhost:3100/_next/static/chunks/node_modules_next_dist_1e8vcs8._.js:776
[  314113ms] [LOG] [Fast Refresh] done in 7516ms @ http://localhost:3100/_next/static/chunks/node_modules_next_dist_1e8vcs8._.js:776
[  314175ms] [LOG] [Fast Refresh] done in 7516ms @ http://localhost:3100/_next/static/chunks/node_modules_next_dist_1e8vcs8._.js:776
[  314236ms] [LOG] [Fast Refresh] done in 7516ms @ http://localhost:3100/_next/static/chunks/node_modules_next_dist_1e8vcs8._.js:776
[  314300ms] [LOG] [Fast Refresh] done in 7516ms @ http://localhost:3100/_next/static/chunks/node_modules_next_dist_1e8vcs8._.js:776
[  314361ms] [LOG] [Fast Refresh] done in 7516ms @ http://localhost:3100/_next/static/chunks/node_modules_next_dist_1e8vcs8._.js:776
[  314423ms] [LOG] [Fast Refresh] done in 7516ms @ http://localhost:3100/_next/static/chunks/node_modules_next_dist_1e8vcs8._.js:776
[  314486ms] [LOG] [Fast Refresh] done in 7516ms @ http://localhost:3100/_next/static/chunks/node_modules_next_dist_1e8vcs8._.js:776
[  314548ms] [LOG] [Fast Refresh] done in 7516ms @ http://localhost:3100/_next/static/chunks/node_modules_next_dist_1e8vcs8._.js:776
[  314609ms] [LOG] [Fast Refresh] done in 7516ms @ http://localhost:3100/_next/static/chunks/node_modules_next_dist_1e8vcs8._.js:776
[  314671ms] [LOG] [Fast Refresh] done in 7516ms @ http://localhost:3100/_next/static/chunks/node_modules_next_dist_1e8vcs8._.js:776
[  314733ms] [LOG] [Fast Refresh] done in 7516ms @ http://localhost:3100/_next/static/chunks/node_modules_next_dist_1e8vcs8._.js:776
[  314796ms] [LOG] [Fast Refresh] done in 7516ms @ http://localhost:3100/_next/static/chunks/node_modules_next_dist_1e8vcs8._.js:776
[  314860ms] [LOG] [Fast Refresh] done in 7516ms @ http://localhost:3100/_next/static/chunks/node_modules_next_dist_1e8vcs8._.js:776
[  314923ms] [LOG] [Fast Refresh] done in 7516ms @ http://localhost:3100/_next/static/chunks/node_modules_next_dist_1e8vcs8._.js:776
[  314986ms] [LOG] [Fast Refresh] done in 7516ms @ http://localhost:3100/_next/static/chunks/node_modules_next_dist_1e8vcs8._.js:776
[  315048ms] [LOG] [Fast Refresh] done in 7516ms @ http://localhost:3100/_next/static/chunks/node_modules_next_dist_1e8vcs8._.js:776
[  315125ms] [LOG] [Fast Refresh] done in 7516ms @ http://localhost:3100/_next/static/chunks/node_modules_next_dist_1e8vcs8._.js:776
[  315188ms] [LOG] [Fast Refresh] done in 7516ms @ http://localhost:3100/_next/static/chunks/node_modules_next_dist_1e8vcs8._.js:776
[  315251ms] [LOG] [Fast Refresh] done in 7516ms @ http://localhost:3100/_next/static/chunks/node_modules_next_dist_1e8vcs8._.js:776
[  315312ms] [LOG] [Fast Refresh] done in 7516ms @ http://localhost:3100/_next/static/chunks/node_modules_next_dist_1e8vcs8._.js:776
[  315375ms] [LOG] [Fast Refresh] done in 7516ms @ http://localhost:3100/_next/static/chunks/node_modules_next_dist_1e8vcs8._.js:776
[  315438ms] [LOG] [Fast Refresh] done in 7516ms @ http://localhost:3100/_next/static/chunks/node_modules_next_dist_1e8vcs8._.js:776
[  315500ms] [LOG] [Fast Refresh] done in 7516ms @ http://localhost:3100/_next/static/chunks/node_modules_next_dist_1e8vcs8._.js:776
[  315563ms] [LOG] [Fast Refresh] done in 7516ms @ http://localhost:3100/_next/static/chunks/node_modules_next_dist_1e8vcs8._.js:776
[  315627ms] [LOG] [Fast Refresh] done in 7516ms @ http://localhost:3100/_next/static/chunks/node_modules_next_dist_1e8vcs8._.js:776
[  315690ms] [LOG] [Fast Refresh] done in 7516ms @ http://localhost:3100/_next/static/chunks/node_modules_next_dist_1e8vcs8._.js:776
[  315753ms] [LOG] [Fast Refresh] done in 7516ms @ http://localhost:3100/_next/static/chunks/node_modules_next_dist_1e8vcs8._.js:776
[  315816ms] [LOG] [Fast Refresh] done in 7516ms @ http://localhost:3100/_next/static/chunks/node_modules_next_dist_1e8vcs8._.js:776
[  315878ms] [LOG] [Fast Refresh] done in 7516ms @ http://localhost:3100/_next/static/chunks/node_modules_next_dist_1e8vcs8._.js:776
[  315943ms] [LOG] [Fast Refresh] done in 7516ms @ http://localhost:3100/_next/static/chunks/node_modules_next_dist_1e8vcs8._.js:776
[  316004ms] [LOG] [Fast Refresh] done in 7516ms @ http://localhost:3100/_next/static/chunks/node_modules_next_dist_1e8vcs8._.js:776
[  316066ms] [LOG] [Fast Refresh] done in 7516ms @ http://localhost:3100/_next/static/chunks/node_modules_next_dist_1e8vcs8._.js:776
[  316128ms] [LOG] [Fast Refresh] done in 7516ms @ http://localhost:3100/_next/static/chunks/node_modules_next_dist_1e8vcs8._.js:776
[  316192ms] [LOG] [Fast Refresh] done in 7516ms @ http://localhost:3100/_next/static/chunks/node_modules_next_dist_1e8vcs8._.js:776
[  316255ms] [LOG] [Fast Refresh] done in 7516ms @ http://localhost:3100/_next/static/chunks/node_modules_next_dist_1e8vcs8._.js:776
[  316317ms] [LOG] [Fast Refresh] done in 7516ms @ http://localhost:3100/_next/static/chunks/node_modules_next_dist_1e8vcs8._.js:776
[  316381ms] [LOG] [Fast Refresh] done in 7516ms @ http://localhost:3100/_next/static/chunks/node_modules_next_dist_1e8vcs8._.js:776
[  316443ms] [LOG] [Fast Refresh] done in 7516ms @ http://localhost:3100/_next/static/chunks/node_modules_next_dist_1e8vcs8._.js:776
[  316506ms] [LOG] [Fast Refresh] done in 7516ms @ http://localhost:3100/_next/static/chunks/node_modules_next_dist_1e8vcs8._.js:776
[  316569ms] [LOG] [Fast Refresh] done in 7516ms @ http://localhost:3100/_next/static/chunks/node_modules_next_dist_1e8vcs8._.js:776
[  316632ms] [LOG] [Fast Refresh] done in 7516ms @ http://localhost:3100/_next/static/chunks/node_modules_next_dist_1e8vcs8._.js:776
[  316695ms] [LOG] [Fast Refresh] done in 7516ms @ http://localhost:3100/_next/static/chunks/node_modules_next_dist_1e8vcs8._.js:776
[  316757ms] [LOG] [Fast Refresh] done in 7516ms @ http://localhost:3100/_next/static/chunks/node_modules_next_dist_1e8vcs8._.js:776
[  316819ms] [LOG] [Fast Refresh] done in 7516ms @ http://localhost:3100/_next/static/chunks/node_modules_next_dist_1e8vcs8._.js:776
[  316883ms] [LOG] [Fast Refresh] done in 7516ms @ http://localhost:3100/_next/static/chunks/node_modules_next_dist_1e8vcs8._.js:776
[  316931ms] [LOG] [Fast Refresh] done in 7516ms @ http://localhost:3100/_next/static/chunks/node_modules_next_dist_1e8vcs8._.js:776
[  316994ms] [LOG] [Fast Refresh] done in 7516ms @ http://localhost:3100/_next/static/chunks/node_modules_next_dist_1e8vcs8._.js:776
[  317056ms] [LOG] [Fast Refresh] done in 7516ms @ http://localhost:3100/_next/static/chunks/node_modules_next_dist_1e8vcs8._.js:776
[  317119ms] [LOG] [Fast Refresh] done in 7516ms @ http://localhost:3100/_next/static/chunks/node_modules_next_dist_1e8vcs8._.js:776
[  317183ms] [LOG] [Fast Refresh] done in 7516ms @ http://localhost:3100/_next/static/chunks/node_modules_next_dist_1e8vcs8._.js:776
[  317246ms] [LOG] [Fast Refresh] done in 7516ms @ http://localhost:3100/_next/static/chunks/node_modules_next_dist_1e8vcs8._.js:776
[  317307ms] [LOG] [Fast Refresh] done in 7516ms @ http://localhost:3100/_next/static/chunks/node_modules_next_dist_1e8vcs8._.js:776
[  317370ms] [LOG] [Fast Refresh] done in 7516ms @ http://localhost:3100/_next/static/chunks/node_modules_next_dist_1e8vcs8._.js:776
[  317432ms] [LOG] [Fast Refresh] done in 7516ms @ http://localhost:3100/_next/static/chunks/node_modules_next_dist_1e8vcs8._.js:776
[  317494ms] [LOG] [Fast Refresh] done in 7516ms @ http://localhost:3100/_next/static/chunks/node_modules_next_dist_1e8vcs8._.js:776
[  317557ms] [LOG] [Fast Refresh] done in 7516ms @ http://localhost:3100/_next/static/chunks/node_modules_next_dist_1e8vcs8._.js:776
[  317621ms] [LOG] [Fast Refresh] done in 7516ms @ http://localhost:3100/_next/static/chunks/node_modules_next_dist_1e8vcs8._.js:776
[  317684ms] [LOG] [Fast Refresh] done in 7516ms @ http://localhost:3100/_next/static/chunks/node_modules_next_dist_1e8vcs8._.js:776
[  317747ms] [LOG] [Fast Refresh] done in 7516ms @ http://localhost:3100/_next/static/chunks/node_modules_next_dist_1e8vcs8._.js:776
[  317810ms] [LOG] [Fast Refresh] done in 7516ms @ http://localhost:3100/_next/static/chunks/node_modules_next_dist_1e8vcs8._.js:776
[  317873ms] [LOG] [Fast Refresh] done in 7516ms @ http://localhost:3100/_next/static/chunks/node_modules_next_dist_1e8vcs8._.js:776
[  317936ms] [LOG] [Fast Refresh] done in 7516ms @ http://localhost:3100/_next/static/chunks/node_modules_next_dist_1e8vcs8._.js:776
[  318000ms] [LOG] [Fast Refresh] done in 7516ms @ http://localhost:3100/_next/static/chunks/node_modules_next_dist_1e8vcs8._.js:776
[  318063ms] [LOG] [Fast Refresh] done in 7516ms @ http://localhost:3100/_next/static/chunks/node_modules_next_dist_1e8vcs8._.js:776
[  318126ms] [LOG] [Fast Refresh] done in 7516ms @ http://localhost:3100/_next/static/chunks/node_modules_next_dist_1e8vcs8._.js:776
[  318190ms] [LOG] [Fast Refresh] done in 7516ms @ http://localhost:3100/_next/static/chunks/node_modules_next_dist_1e8vcs8._.js:776
[  318252ms] [LOG] [Fast Refresh] done in 7516ms @ http://localhost:3100/_next/static/chunks/node_modules_next_dist_1e8vcs8._.js:776
[  318314ms] [LOG] [Fast Refresh] done in 7516ms @ http://localhost:3100/_next/static/chunks/node_modules_next_dist_1e8vcs8._.js:776
[  318362ms] [LOG] [Fast Refresh] done in 7516ms @ http://localhost:3100/_next/static/chunks/node_modules_next_dist_1e8vcs8._.js:776
[  318424ms] [LOG] [Fast Refresh] done in 7516ms @ http://localhost:3100/_next/static/chunks/node_modules_next_dist_1e8vcs8._.js:776
[  318486ms] [LOG] [Fast Refresh] done in 7516ms @ http://localhost:3100/_next/static/chunks/node_modules_next_dist_1e8vcs8._.js:776
[  318548ms] [LOG] [Fast Refresh] done in 7516ms @ http://localhost:3100/_next/static/chunks/node_modules_next_dist_1e8vcs8._.js:776
[  318610ms] [LOG] [Fast Refresh] done in 7516ms @ http://localhost:3100/_next/static/chunks/node_modules_next_dist_1e8vcs8._.js:776
[  318671ms] [LOG] [Fast Refresh] done in 7516ms @ http://localhost:3100/_next/static/chunks/node_modules_next_dist_1e8vcs8._.js:776
[  318733ms] [LOG] [Fast Refresh] done in 7516ms @ http://localhost:3100/_next/static/chunks/node_modules_next_dist_1e8vcs8._.js:776
[  318795ms] [LOG] [Fast Refresh] done in 7516ms @ http://localhost:3100/_next/static/chunks/node_modules_next_dist_1e8vcs8._.js:776
[  318858ms] [LOG] [Fast Refresh] done in 7516ms @ http://localhost:3100/_next/static/chunks/node_modules_next_dist_1e8vcs8._.js:776
[  318919ms] [LOG] [Fast Refresh] done in 7516ms @ http://localhost:3100/_next/static/chunks/node_modules_next_dist_1e8vcs8._.js:776
[  318982ms] [LOG] [Fast Refresh] done in 7516ms @ http://localhost:3100/_next/static/chunks/node_modules_next_dist_1e8vcs8._.js:776
[  319045ms] [LOG] [Fast Refresh] done in 7516ms @ http://localhost:3100/_next/static/chunks/node_modules_next_dist_1e8vcs8._.js:776
[  319108ms] [LOG] [Fast Refresh] done in 7516ms @ http://localhost:3100/_next/static/chunks/node_modules_next_dist_1e8vcs8._.js:776
[  319157ms] [LOG] [Fast Refresh] done in 7516ms @ http://localhost:3100/_next/static/chunks/node_modules_next_dist_1e8vcs8._.js:776
[  319219ms] [LOG] [Fast Refresh] done in 7516ms @ http://localhost:3100/_next/static/chunks/node_modules_next_dist_1e8vcs8._.js:776
[  319280ms] [LOG] [Fast Refresh] done in 7516ms @ http://localhost:3100/_next/static/chunks/node_modules_next_dist_1e8vcs8._.js:776
[  319344ms] [LOG] [Fast Refresh] done in 7516ms @ http://localhost:3100/_next/static/chunks/node_modules_next_dist_1e8vcs8._.js:776
[  319407ms] [LOG] [Fast Refresh] done in 7516ms @ http://localhost:3100/_next/static/chunks/node_modules_next_dist_1e8vcs8._.js:776
[  319470ms] [LOG] [Fast Refresh] done in 7516ms @ http://localhost:3100/_next/static/chunks/node_modules_next_dist_1e8vcs8._.js:776
[  319532ms] [LOG] [Fast Refresh] done in 7516ms @ http://localhost:3100/_next/static/chunks/node_modules_next_dist_1e8vcs8._.js:776
[  319595ms] [LOG] [Fast Refresh] done in 7516ms @ http://localhost:3100/_next/static/chunks/node_modules_next_dist_1e8vcs8._.js:776
[  319657ms] [LOG] [Fast Refresh] done in 7516ms @ http://localhost:3100/_next/static/chunks/node_modules_next_dist_1e8vcs8._.js:776
[  319719ms] [LOG] [Fast Refresh] done in 7516ms @ http://localhost:3100/_next/static/chunks/node_modules_next_dist_1e8vcs8._.js:776
[  319783ms] [LOG] [Fast Refresh] done in 7516ms @ http://localhost:3100/_next/static/chunks/node_modules_next_dist_1e8vcs8._.js:776
[  319845ms] [LOG] [Fast Refresh] done in 7516ms @ http://localhost:3100/_next/static/chunks/node_modules_next_dist_1e8vcs8._.js:776
[  319906ms] [LOG] [Fast Refresh] done in 7516ms @ http://localhost:3100/_next/static/chunks/node_modules_next_dist_1e8vcs8._.js:776
[  319969ms] [LOG] [Fast Refresh] done in 7516ms @ http://localhost:3100/_next/static/chunks/node_modules_next_dist_1e8vcs8._.js:776
[  320038ms] [LOG] [Fast Refresh] done in 7516ms @ http://localhost:3100/_next/static/chunks/node_modules_next_dist_1e8vcs8._.js:776
[  320096ms] [LOG] [Fast Refresh] done in 7516ms @ http://localhost:3100/_next/static/chunks/node_modules_next_dist_1e8vcs8._.js:776
[  320159ms] [LOG] [Fast Refresh] done in 7516ms @ http://localhost:3100/_next/static/chunks/node_modules_next_dist_1e8vcs8._.js:776
[  320220ms] [LOG] [Fast Refresh] done in 7516ms @ http://localhost:3100/_next/static/chunks/node_modules_next_dist_1e8vcs8._.js:776
[  320283ms] [LOG] [Fast Refresh] done in 7516ms @ http://localhost:3100/_next/static/chunks/node_modules_next_dist_1e8vcs8._.js:776
[  320344ms] [LOG] [Fast Refresh] done in 7516ms @ http://localhost:3100/_next/static/chunks/node_modules_next_dist_1e8vcs8._.js:776
[  320407ms] [LOG] [Fast Refresh] done in 7516ms @ http://localhost:3100/_next/static/chunks/node_modules_next_dist_1e8vcs8._.js:776
[  320470ms] [LOG] [Fast Refresh] done in 7516ms @ http://localhost:3100/_next/static/chunks/node_modules_next_dist_1e8vcs8._.js:776
[  320532ms] [LOG] [Fast Refresh] done in 7516ms @ http://localhost:3100/_next/static/chunks/node_modules_next_dist_1e8vcs8._.js:776
[  320594ms] [LOG] [Fast Refresh] done in 7516ms @ http://localhost:3100/_next/static/chunks/node_modules_next_dist_1e8vcs8._.js:776
[  320657ms] [LOG] [Fast Refresh] done in 7516ms @ http://localhost:3100/_next/static/chunks/node_modules_next_dist_1e8vcs8._.js:776
[  320719ms] [LOG] [Fast Refresh] done in 7516ms @ http://localhost:3100/_next/static/chunks/node_modules_next_dist_1e8vcs8._.js:776
[  320781ms] [LOG] [Fast Refresh] done in 7516ms @ http://localhost:3100/_next/static/chunks/node_modules_next_dist_1e8vcs8._.js:776
[  320844ms] [LOG] [Fast Refresh] done in 7516ms @ http://localhost:3100/_next/static/chunks/node_modules_next_dist_1e8vcs8._.js:776
[  320906ms] [LOG] [Fast Refresh] done in 7516ms @ http://localhost:3100/_next/static/chunks/node_modules_next_dist_1e8vcs8._.js:776
[  320969ms] [LOG] [Fast Refresh] done in 7516ms @ http://localhost:3100/_next/static/chunks/node_modules_next_dist_1e8vcs8._.js:776
[  321032ms] [LOG] [Fast Refresh] done in 7516ms @ http://localhost:3100/_next/static/chunks/node_modules_next_dist_1e8vcs8._.js:776
[  321094ms] [LOG] [Fast Refresh] done in 7516ms @ http://localhost:3100/_next/static/chunks/node_modules_next_dist_1e8vcs8._.js:776
[  321158ms] [LOG] [Fast Refresh] done in 7516ms @ http://localhost:3100/_next/static/chunks/node_modules_next_dist_1e8vcs8._.js:776
[  321220ms] [LOG] [Fast Refresh] done in 7516ms @ http://localhost:3100/_next/static/chunks/node_modules_next_dist_1e8vcs8._.js:776
[  321283ms] [LOG] [Fast Refresh] done in 7516ms @ http://localhost:3100/_next/static/chunks/node_modules_next_dist_1e8vcs8._.js:776
[  321345ms] [LOG] [Fast Refresh] done in 7516ms @ http://localhost:3100/_next/static/chunks/node_modules_next_dist_1e8vcs8._.js:776
[  321406ms] [LOG] [Fast Refresh] done in 7516ms @ http://localhost:3100/_next/static/chunks/node_modules_next_dist_1e8vcs8._.js:776
[  321469ms] [LOG] [Fast Refresh] done in 7516ms @ http://localhost:3100/_next/static/chunks/node_modules_next_dist_1e8vcs8._.js:776
[  321530ms] [LOG] [Fast Refresh] done in 7516ms @ http://localhost:3100/_next/static/chunks/node_modules_next_dist_1e8vcs8._.js:776
[  321593ms] [LOG] [Fast Refresh] done in 7516ms @ http://localhost:3100/_next/static/chunks/node_modules_next_dist_1e8vcs8._.js:776
[  321655ms] [LOG] [Fast Refresh] done in 7516ms @ http://localhost:3100/_next/static/chunks/node_modules_next_dist_1e8vcs8._.js:776
[  321716ms] [LOG] [Fast Refresh] done in 7516ms @ http://localhost:3100/_next/static/chunks/node_modules_next_dist_1e8vcs8._.js:776
[  321780ms] [LOG] [Fast Refresh] done in 7516ms @ http://localhost:3100/_next/static/chunks/node_modules_next_dist_1e8vcs8._.js:776
[  321841ms] [LOG] [Fast Refresh] done in 7516ms @ http://localhost:3100/_next/static/chunks/node_modules_next_dist_1e8vcs8._.js:776
[  321903ms] [LOG] [Fast Refresh] done in 7516ms @ http://localhost:3100/_next/static/chunks/node_modules_next_dist_1e8vcs8._.js:776
[  321966ms] [LOG] [Fast Refresh] done in 7516ms @ http://localhost:3100/_next/static/chunks/node_modules_next_dist_1e8vcs8._.js:776
[  322031ms] [LOG] [Fast Refresh] done in 7516ms @ http://localhost:3100/_next/static/chunks/node_modules_next_dist_1e8vcs8._.js:776
[  322094ms] [LOG] [Fast Refresh] done in 7516ms @ http://localhost:3100/_next/static/chunks/node_modules_next_dist_1e8vcs8._.js:776
[  322156ms] [LOG] [Fast Refresh] done in 7516ms @ http://localhost:3100/_next/static/chunks/node_modules_next_dist_1e8vcs8._.js:776
[  322219ms] [LOG] [Fast Refresh] done in 7516ms @ http://localhost:3100/_next/static/chunks/node_modules_next_dist_1e8vcs8._.js:776
[  322282ms] [LOG] [Fast Refresh] done in 7516ms @ http://localhost:3100/_next/static/chunks/node_modules_next_dist_1e8vcs8._.js:776
[  322344ms] [LOG] [Fast Refresh] done in 7516ms @ http://localhost:3100/_next/static/chunks/node_modules_next_dist_1e8vcs8._.js:776
[  322407ms] [LOG] [Fast Refresh] done in 7516ms @ http://localhost:3100/_next/static/chunks/node_modules_next_dist_1e8vcs8._.js:776
[  322470ms] [LOG] [Fast Refresh] done in 7516ms @ http://localhost:3100/_next/static/chunks/node_modules_next_dist_1e8vcs8._.js:776
[  322517ms] [LOG] [Fast Refresh] done in 7516ms @ http://localhost:3100/_next/static/chunks/node_modules_next_dist_1e8vcs8._.js:776
[  322580ms] [LOG] [Fast Refresh] done in 7516ms @ http://localhost:3100/_next/static/chunks/node_modules_next_dist_1e8vcs8._.js:776
[  322642ms] [LOG] [Fast Refresh] done in 7516ms @ http://localhost:3100/_next/static/chunks/node_modules_next_dist_1e8vcs8._.js:776
[  322705ms] [LOG] [Fast Refresh] done in 7516ms @ http://localhost:3100/_next/static/chunks/node_modules_next_dist_1e8vcs8._.js:776
[  322767ms] [LOG] [Fast Refresh] done in 7516ms @ http://localhost:3100/_next/static/chunks/node_modules_next_dist_1e8vcs8._.js:776
[  322829ms] [LOG] [Fast Refresh] done in 7516ms @ http://localhost:3100/_next/static/chunks/node_modules_next_dist_1e8vcs8._.js:776
[  322892ms] [LOG] [Fast Refresh] done in 7516ms @ http://localhost:3100/_next/static/chunks/node_modules_next_dist_1e8vcs8._.js:776
[  322955ms] [LOG] [Fast Refresh] done in 7516ms @ http://localhost:3100/_next/static/chunks/node_modules_next_dist_1e8vcs8._.js:776
[  323034ms] [LOG] [Fast Refresh] done in 7516ms @ http://localhost:3100/_next/static/chunks/node_modules_next_dist_1e8vcs8._.js:776
[  323096ms] [LOG] [Fast Refresh] done in 7516ms @ http://localhost:3100/_next/static/chunks/node_modules_next_dist_1e8vcs8._.js:776
[  323159ms] [LOG] [Fast Refresh] done in 7516ms @ http://localhost:3100/_next/static/chunks/node_modules_next_dist_1e8vcs8._.js:776
[  323221ms] [LOG] [Fast Refresh] done in 7516ms @ http://localhost:3100/_next/static/chunks/node_modules_next_dist_1e8vcs8._.js:776
[  323284ms] [LOG] [Fast Refresh] done in 7516ms @ http://localhost:3100/_next/static/chunks/node_modules_next_dist_1e8vcs8._.js:776
[  323347ms] [LOG] [Fast Refresh] done in 7516ms @ http://localhost:3100/_next/static/chunks/node_modules_next_dist_1e8vcs8._.js:776
[  323409ms] [LOG] [Fast Refresh] done in 7516ms @ http://localhost:3100/_next/static/chunks/node_modules_next_dist_1e8vcs8._.js:776
[  323471ms] [LOG] [Fast Refresh] done in 7516ms @ http://localhost:3100/_next/static/chunks/node_modules_next_dist_1e8vcs8._.js:776
[  323533ms] [LOG] [Fast Refresh] done in 7516ms @ http://localhost:3100/_next/static/chunks/node_modules_next_dist_1e8vcs8._.js:776
[  323595ms] [LOG] [Fast Refresh] done in 7516ms @ http://localhost:3100/_next/static/chunks/node_modules_next_dist_1e8vcs8._.js:776
[  323689ms] [LOG] [Fast Refresh] done in 7516ms @ http://localhost:3100/_next/static/chunks/node_modules_next_dist_1e8vcs8._.js:776
[  323754ms] [LOG] [Fast Refresh] done in 7516ms @ http://localhost:3100/_next/static/chunks/node_modules_next_dist_1e8vcs8._.js:776
[  323830ms] [LOG] [Fast Refresh] done in 7516ms @ http://localhost:3100/_next/static/chunks/node_modules_next_dist_1e8vcs8._.js:776
[  323891ms] [LOG] [Fast Refresh] done in 7516ms @ http://localhost:3100/_next/static/chunks/node_modules_next_dist_1e8vcs8._.js:776
[  323955ms] [LOG] [Fast Refresh] done in 7516ms @ http://localhost:3100/_next/static/chunks/node_modules_next_dist_1e8vcs8._.js:776
[  324017ms] [LOG] [Fast Refresh] done in 7516ms @ http://localhost:3100/_next/static/chunks/node_modules_next_dist_1e8vcs8._.js:776
[  324079ms] [LOG] [Fast Refresh] done in 7516ms @ http://localhost:3100/_next/static/chunks/node_modules_next_dist_1e8vcs8._.js:776
[  324142ms] [LOG] [Fast Refresh] done in 7516ms @ http://localhost:3100/_next/static/chunks/node_modules_next_dist_1e8vcs8._.js:776
[  324203ms] [LOG] [Fast Refresh] done in 7516ms @ http://localhost:3100/_next/static/chunks/node_modules_next_dist_1e8vcs8._.js:776
[  324264ms] [LOG] [Fast Refresh] done in 7516ms @ http://localhost:3100/_next/static/chunks/node_modules_next_dist_1e8vcs8._.js:776
[  324327ms] [LOG] [Fast Refresh] done in 7516ms @ http://localhost:3100/_next/static/chunks/node_modules_next_dist_1e8vcs8._.js:776
[  324391ms] [LOG] [Fast Refresh] done in 7516ms @ http://localhost:3100/_next/static/chunks/node_modules_next_dist_1e8vcs8._.js:776
[  324452ms] [LOG] [Fast Refresh] done in 7516ms @ http://localhost:3100/_next/static/chunks/node_modules_next_dist_1e8vcs8._.js:776
[  324514ms] [LOG] [Fast Refresh] done in 7516ms @ http://localhost:3100/_next/static/chunks/node_modules_next_dist_1e8vcs8._.js:776
[  324577ms] [LOG] [Fast Refresh] done in 7516ms @ http://localhost:3100/_next/static/chunks/node_modules_next_dist_1e8vcs8._.js:776
[  324638ms] [LOG] [Fast Refresh] done in 7516ms @ http://localhost:3100/_next/static/chunks/node_modules_next_dist_1e8vcs8._.js:776
[  324701ms] [LOG] [Fast Refresh] done in 7516ms @ http://localhost:3100/_next/static/chunks/node_modules_next_dist_1e8vcs8._.js:776
[  324763ms] [LOG] [Fast Refresh] done in 7516ms @ http://localhost:3100/_next/static/chunks/node_modules_next_dist_1e8vcs8._.js:776
[  324826ms] [LOG] [Fast Refresh] done in 7516ms @ http://localhost:3100/_next/static/chunks/node_modules_next_dist_1e8vcs8._.js:776
[  324888ms] [LOG] [Fast Refresh] done in 7516ms @ http://localhost:3100/_next/static/chunks/node_modules_next_dist_1e8vcs8._.js:776
[  324949ms] [LOG] [Fast Refresh] done in 7516ms @ http://localhost:3100/_next/static/chunks/node_modules_next_dist_1e8vcs8._.js:776
[  325011ms] [LOG] [Fast Refresh] done in 7516ms @ http://localhost:3100/_next/static/chunks/node_modules_next_dist_1e8vcs8._.js:776
[  325077ms] [LOG] [Fast Refresh] done in 7516ms @ http://localhost:3100/_next/static/chunks/node_modules_next_dist_1e8vcs8._.js:776
[  325139ms] [LOG] [Fast Refresh] done in 7516ms @ http://localhost:3100/_next/static/chunks/node_modules_next_dist_1e8vcs8._.js:776
[  325200ms] [LOG] [Fast Refresh] done in 7516ms @ http://localhost:3100/_next/static/chunks/node_modules_next_dist_1e8vcs8._.js:776
[  325264ms] [LOG] [Fast Refresh] done in 7516ms @ http://localhost:3100/_next/static/chunks/node_modules_next_dist_1e8vcs8._.js:776
[  325326ms] [LOG] [Fast Refresh] done in 7516ms @ http://localhost:3100/_next/static/chunks/node_modules_next_dist_1e8vcs8._.js:776
[  325387ms] [LOG] [Fast Refresh] done in 7516ms @ http://localhost:3100/_next/static/chunks/node_modules_next_dist_1e8vcs8._.js:776
[  325450ms] [LOG] [Fast Refresh] done in 7516ms @ http://localhost:3100/_next/static/chunks/node_modules_next_dist_1e8vcs8._.js:776
[  325513ms] [LOG] [Fast Refresh] done in 7516ms @ http://localhost:3100/_next/static/chunks/node_modules_next_dist_1e8vcs8._.js:776
[  325575ms] [LOG] [Fast Refresh] done in 7516ms @ http://localhost:3100/_next/static/chunks/node_modules_next_dist_1e8vcs8._.js:776
[  325638ms] [LOG] [Fast Refresh] done in 7516ms @ http://localhost:3100/_next/static/chunks/node_modules_next_dist_1e8vcs8._.js:776
[  325699ms] [LOG] [Fast Refresh] done in 7516ms @ http://localhost:3100/_next/static/chunks/node_modules_next_dist_1e8vcs8._.js:776
[  325761ms] [LOG] [Fast Refresh] done in 7516ms @ http://localhost:3100/_next/static/chunks/node_modules_next_dist_1e8vcs8._.js:776
[  325824ms] [LOG] [Fast Refresh] done in 7516ms @ http://localhost:3100/_next/static/chunks/node_modules_next_dist_1e8vcs8._.js:776
[  325886ms] [LOG] [Fast Refresh] done in 7516ms @ http://localhost:3100/_next/static/chunks/node_modules_next_dist_1e8vcs8._.js:776
[  325949ms] [LOG] [Fast Refresh] done in 7516ms @ http://localhost:3100/_next/static/chunks/node_modules_next_dist_1e8vcs8._.js:776
[  326011ms] [LOG] [Fast Refresh] done in 7516ms @ http://localhost:3100/_next/static/chunks/node_modules_next_dist_1e8vcs8._.js:776
[  326073ms] [LOG] [Fast Refresh] done in 7516ms @ http://localhost:3100/_next/static/chunks/node_modules_next_dist_1e8vcs8._.js:776
[  326136ms] [LOG] [Fast Refresh] done in 7516ms @ http://localhost:3100/_next/static/chunks/node_modules_next_dist_1e8vcs8._.js:776
[  326198ms] [LOG] [Fast Refresh] done in 7516ms @ http://localhost:3100/_next/static/chunks/node_modules_next_dist_1e8vcs8._.js:776
[  326261ms] [LOG] [Fast Refresh] done in 7516ms @ http://localhost:3100/_next/static/chunks/node_modules_next_dist_1e8vcs8._.js:776
[  326325ms] [LOG] [Fast Refresh] done in 7516ms @ http://localhost:3100/_next/static/chunks/node_modules_next_dist_1e8vcs8._.js:776
[  326388ms] [LOG] [Fast Refresh] done in 7516ms @ http://localhost:3100/_next/static/chunks/node_modules_next_dist_1e8vcs8._.js:776
[  326450ms] [LOG] [Fast Refresh] done in 7516ms @ http://localhost:3100/_next/static/chunks/node_modules_next_dist_1e8vcs8._.js:776
[  326513ms] [LOG] [Fast Refresh] done in 7516ms @ http://localhost:3100/_next/static/chunks/node_modules_next_dist_1e8vcs8._.js:776
[  326575ms] [LOG] [Fast Refresh] done in 7516ms @ http://localhost:3100/_next/static/chunks/node_modules_next_dist_1e8vcs8._.js:776
[  326636ms] [LOG] [Fast Refresh] done in 7516ms @ http://localhost:3100/_next/static/chunks/node_modules_next_dist_1e8vcs8._.js:776
[  326698ms] [LOG] [Fast Refresh] done in 7516ms @ http://localhost:3100/_next/static/chunks/node_modules_next_dist_1e8vcs8._.js:776
[  326778ms] [LOG] [Fast Refresh] done in 7516ms @ http://localhost:3100/_next/static/chunks/node_modules_next_dist_1e8vcs8._.js:776
[  326839ms] [LOG] [Fast Refresh] done in 7516ms @ http://localhost:3100/_next/static/chunks/node_modules_next_dist_1e8vcs8._.js:776
[  326947ms] [LOG] [Fast Refresh] done in 7516ms @ http://localhost:3100/_next/static/chunks/node_modules_next_dist_1e8vcs8._.js:776
[  327010ms] [LOG] [Fast Refresh] done in 7516ms @ http://localhost:3100/_next/static/chunks/node_modules_next_dist_1e8vcs8._.js:776
[  327073ms] [LOG] [Fast Refresh] done in 7516ms @ http://localhost:3100/_next/static/chunks/node_modules_next_dist_1e8vcs8._.js:776
[  327137ms] [LOG] [Fast Refresh] done in 7516ms @ http://localhost:3100/_next/static/chunks/node_modules_next_dist_1e8vcs8._.js:776
[  327200ms] [LOG] [Fast Refresh] done in 7516ms @ http://localhost:3100/_next/static/chunks/node_modules_next_dist_1e8vcs8._.js:776
[  327261ms] [LOG] [Fast Refresh] done in 7516ms @ http://localhost:3100/_next/static/chunks/node_modules_next_dist_1e8vcs8._.js:776
[  327324ms] [LOG] [Fast Refresh] done in 7516ms @ http://localhost:3100/_next/static/chunks/node_modules_next_dist_1e8vcs8._.js:776
[  327387ms] [LOG] [Fast Refresh] done in 7516ms @ http://localhost:3100/_next/static/chunks/node_modules_next_dist_1e8vcs8._.js:776
[  327450ms] [LOG] [Fast Refresh] done in 7516ms @ http://localhost:3100/_next/static/chunks/node_modules_next_dist_1e8vcs8._.js:776
[  327512ms] [LOG] [Fast Refresh] done in 7516ms @ http://localhost:3100/_next/static/chunks/node_modules_next_dist_1e8vcs8._.js:776
[  327574ms] [LOG] [Fast Refresh] done in 7516ms @ http://localhost:3100/_next/static/chunks/node_modules_next_dist_1e8vcs8._.js:776
[  327637ms] [LOG] [Fast Refresh] done in 7516ms @ http://localhost:3100/_next/static/chunks/node_modules_next_dist_1e8vcs8._.js:776
[  327699ms] [LOG] [Fast Refresh] done in 7516ms @ http://localhost:3100/_next/static/chunks/node_modules_next_dist_1e8vcs8._.js:776
[  327761ms] [LOG] [Fast Refresh] done in 7516ms @ http://localhost:3100/_next/static/chunks/node_modules_next_dist_1e8vcs8._.js:776
[  327824ms] [LOG] [Fast Refresh] done in 7516ms @ http://localhost:3100/_next/static/chunks/node_modules_next_dist_1e8vcs8._.js:776
[  327886ms] [LOG] [Fast Refresh] done in 7516ms @ http://localhost:3100/_next/static/chunks/node_modules_next_dist_1e8vcs8._.js:776
[  327964ms] [LOG] [Fast Refresh] done in 7516ms @ http://localhost:3100/_next/static/chunks/node_modules_next_dist_1e8vcs8._.js:776
[  328013ms] [LOG] [Fast Refresh] done in 7516ms @ http://localhost:3100/_next/static/chunks/node_modules_next_dist_1e8vcs8._.js:776
[  328076ms] [LOG] [Fast Refresh] done in 7516ms @ http://localhost:3100/_next/static/chunks/node_modules_next_dist_1e8vcs8._.js:776
[  328138ms] [LOG] [Fast Refresh] done in 7516ms @ http://localhost:3100/_next/static/chunks/node_modules_next_dist_1e8vcs8._.js:776
[  328200ms] [LOG] [Fast Refresh] done in 7516ms @ http://localhost:3100/_next/static/chunks/node_modules_next_dist_1e8vcs8._.js:776
[  328262ms] [LOG] [Fast Refresh] done in 7516ms @ http://localhost:3100/_next/static/chunks/node_modules_next_dist_1e8vcs8._.js:776
[  328314ms] [LOG] [Fast Refresh] done in 7516ms @ http://localhost:3100/_next/static/chunks/node_modules_next_dist_1e8vcs8._.js:776
[  328385ms] [LOG] [Fast Refresh] done in 7516ms @ http://localhost:3100/_next/static/chunks/node_modules_next_dist_1e8vcs8._.js:776
[  328450ms] [LOG] [Fast Refresh] done in 7516ms @ http://localhost:3100/_next/static/chunks/node_modules_next_dist_1e8vcs8._.js:776
[  328497ms] [LOG] [Fast Refresh] done in 7516ms @ http://localhost:3100/_next/static/chunks/node_modules_next_dist_1e8vcs8._.js:776
[  328574ms] [LOG] [Fast Refresh] done in 7516ms @ http://localhost:3100/_next/static/chunks/node_modules_next_dist_1e8vcs8._.js:776
